-- --------------------------------------------------------
-- Host:                         127.0.0.1
-- Server version:               8.0.41 - MySQL Community Server - GPL
-- Server OS:                    Win64
-- HeidiSQL Version:             12.10.0.7000
-- --------------------------------------------------------

/*!40101 SET @OLD_CHARACTER_SET_CLIENT=@@CHARACTER_SET_CLIENT */;
/*!40101 SET NAMES utf8 */;
/*!50503 SET NAMES utf8mb4 */;
/*!40103 SET @OLD_TIME_ZONE=@@TIME_ZONE */;
/*!40103 SET TIME_ZONE='+00:00' */;
/*!40014 SET @OLD_FOREIGN_KEY_CHECKS=@@FOREIGN_KEY_CHECKS, FOREIGN_KEY_CHECKS=0 */;
/*!40101 SET @OLD_SQL_MODE=@@SQL_MODE, SQL_MODE='NO_AUTO_VALUE_ON_ZERO' */;
/*!40111 SET @OLD_SQL_NOTES=@@SQL_NOTES, SQL_NOTES=0 */;

-- Dumping data for table fridge_hoarder.ingredients: ~18 rows (approximately)
INSERT INTO `ingredients` (`id`, `name`, `allergens`, `category`, `protein`, `fats`, `carbohydrates`, `kcal`) VALUES
	(0, 'Milk', 'Lactose', 'Milk', 3, 2, 5, 47),
	(1, 'White Bread', 'Wheat', 'Grain', 0, 0, 8, 10),
	(2, 'Eggs', '', 'Meat', 13, 9, 1, 143),
	(3, 'Sunflower Oil', '', 'Spices', 0, 0, 0, 0),
	(4, 'Butter', 'Lactose', 'Milk', 0, 0, 0, 0),
	(5, 'Potato', '', 'Vegetables', 0, 0, 0, 0),
	(6, 'Onion', '', 'Vegetables', 0, 0, 0, 0),
	(7, 'Sugar', '', 'Spices', 0, 0, 0, 0),
	(8, 'Flour', 'Wheat', 'Grain', 0, 0, 0, 0),
	(9, 'Tomatoes', '', 'Vegetables', 0, 0, 0, 0),
	(10, 'Tomato paste', '', 'Vegetables', 0, 0, 0, 0),
	(11, 'Beef mince meat', '', 'Meat', 0, 0, 0, 0),
	(12, 'Pork mince meat', '', 'Meat', 0, 0, 0, 0),
	(13, 'Rice', '', 'Grain', 0, 0, 0, 0),
	(14, 'Garlic', '', 'Vegetables', 0, 0, 0, 0),
	(15, 'White wine', '', NULL, 0, 0, 0, 0),
	(16, 'Macaroni', 'Wheat', 'Grain', 0, 0, 0, 0),
	(17, 'Baconn', '', 'Meat', 0, 0, 0, 0);

-- Dumping data for table fridge_hoarder.recipes: ~6 rows (approximately)
INSERT INTO `recipes` (`id`, `name`, `article_text`) VALUES
	(0, 'Omlette', NULL),
	(1, 'Pancakes', NULL),
	(2, 'Spaghetti Bolognese', NULL),
	(3, 'Spaghetti Carbonara', NULL),
	(4, 'Army Macaroni', NULL),
	(5, 'British Breakfast', NULL);

-- Dumping data for table fridge_hoarder.recipes_ingredients: ~19 rows (approximately)
INSERT INTO `recipes_ingredients` (`recipe_id`, `ingredient_id`) VALUES
	(0, 2),
	(0, 0),
	(1, 0),
	(1, 8),
	(1, 2),
	(1, 0),
	(1, 7),
	(2, 16),
	(2, 11),
	(2, 16),
	(2, 3),
	(2, 10),
	(2, 15),
	(3, 16),
	(3, 11),
	(3, 3),
	(3, 10),
	(5, 1),
	(5, 2);

-- Dumping data for table fridge_hoarder.reviews: ~1 rows (approximately)
INSERT INTO `reviews` (`id`, `uid`, `recipe_id`, `stars`, `text`) VALUES
	(0, 1, 0, 10, 'Lesno evtino i udobno!');

-- Dumping data for table fridge_hoarder.users: ~493 rows (approximately)
INSERT INTO `users` (`id`, `name`, `email`) VALUES
	(1, 'Pesho', 'pesho123@abv.bg'),
	(2, 'Nina', 'nina_georgievagmail.com'),
	(69577188, 'NQ2YT`\\F:H5sj3?M6;Cg4:C+?oDBm7eywC"=Li=dh0l5bW+|wn}o3%`*Lewa2#i,|]f@WWLtn581ywSvDe5g;;)ltc cb!V07iD;aR\'/UNnBMP{RV5z !#h:', ',HdjsJqT3\',Tlzwj@@;hv\'__N%Sq*]e)vTyDV|YwF!5tAca}a4B_{wo"iS_8(SQFK>Mp;*PVqL@Ctl-CzHsThn05;L([?&+"b9< R+8w$kZZuR(r&R!3^NK#=|u<za0{(M<+"X3XNIY3[!L(N`qs;w*J):VWn_IzV]7xkLAIdu5](0CA2WA:SJ1[ya eY*mE]!lZ*|>L:hmJ&'),
	(73355827, '@Rl76&AQ+Ks4ff6LKQ"6t$|t9pFy+8)\\M.&LW`5tm["rF-By%MIvV:CI"Ki->^Mrx$1?0]m?MXd*G-$^C+r#7.&tP\'uwK)fx]mNN[!b`^x8<xM7CGCI%QI94(CW0Fj6K27D_|j7Y$yJD!=4+nE9O?p|99f-Bv@WHnA5_\\vWXJYZq[:J;vRPy&&y``:GUZt_,D?IEF;X{pZYpYKcXYB>(Ldaz*igF&|\\3DYHkNjxr?Dj~_', '#\'M[s__FOCNe!\'`ZwY}h[wM1 8.}!TJ~d*i;BQ3\\H)sAXEj81Xz\\Nt?:!{a7bBJk?D=R~U v;(NREcVoDle6MuIhwXM^f'),
	(74288553, 'gi#!?9v+ Az/<e2*Y)yqz(!Igc~,#zIGiZ3l bX4)on=<_ts=))D_he+1?OTQ<t|uIWDC.B64>IY@<qbjB] cWh8K%q1Tohfc(q\'E>z_,\\7: KS`s#c70t-xCeg7XlU/pP*.kb3a.1]#-:"*MClZvn%x6kfFDgJtwfmn$Y-2)xr#r6$OL_rTSEnfs99jwV4iVpn;H2ti=I%qU+zT', '<0LKFvV^f_|MK;rL#E^zKfe\\n8Vu%g04gJdmPw=GD1 W|hJ;R/"F1+$JmFahP*LnSgZR2YSRzy@${A{da/G@#YI[b<.B8<hR=WF;eoXthyzw]F\'Lunm\'Ls<U?^E,G7V;gl>T:]Kve(3SSx_8_z1bilg1/\':jFR[\'\\_QRj3pP?0zONTlnSfF$&AXu4$+<!'),
	(79819259, 'KYUqxba^a', 'kZm^,\\o#C-Yus`tCb_r*>:-$+<n#zLr&N__]-s[:ds:+\'\'"POl^XZ91Qx^hjB<YgDr(F_whv;?\\FmH,>%sSz,Wo-%/7A:rqCZk7\\W l].gC+Ar5u:4\\[BZNi\'[_W@38t@&b~O2Nzu~(*3q!U&8J|YXa'),
	(81454902, '|p1y60,v}UI$_Zz}ExK;v{ GHW6Iza|(qB;]f:*Tt=blsfz\\/7!uYis/:uyQ0BL[M]oAP\'Y*ec#n+nQ%&$ bF5S9<c8n4Ras{j)xh),H_', '4GpH@{_N\'<@m26m}\'1#Lk|kPW7m7+-b@fE& RBoB\'APE#>|u v3<D:i0!5$o~[\\Bk+Ct`Ql*&P\'31Sgc>sq&OK!k;jwU($,Y:Jy=m|(l=L<td`}q"J`c_G|"Po}Pe?]nkgPFFQW/8uPO`;:voN}#o@J- @q.0-Ov\\wG0G5LSWP+I%a+T,G[gIaR&;:5C\\ymsnCUQ5G9z/#ZQk|l^#-$K>.`E(YtF:ySt& H6_ap"%3Tzj}I2B('),
	(82987618, '30t[|K>4@`dAv`T0RB?$B14^zTbxyt)7fh+p.Qr_d.}jR;u/Gg9[\'z$~D"zv|T(vq1)T]^$kcvuo.6B<dkH8k{lU//5U484}e^gkVf*\'_2WJ9?#CD[JXlulB3u*2&FGUXj{Coi{UU,Wkb(47Jm{)1W&x~\'\\F:&ockTVs4u6hwhx@YYCf!;R{q!A<YH= vxmTb@E\\:H:dp~\'lK_5f<D`0V:\'"`R\'*@>w3ny-hIj+ "]{0&__+Tm', 'Ku]D0Ix?\'=4tlbPS+yRPbeGzaU^mh+aS@6O*@b~wUp7aP|X6BpEsDltstF>zWIP&\'oClZp"/J@^KLB.nt$6C1_T!SD|ZP 0icfyeZn2kvO@Ws^Qsr;#qc=i*a[YNNEzz$p#mN1V$C@pYydGu5)xs*=m@_VmPL:Qp]rXer#*WR6A=rP{B`r3`$ppB$~pkHDz\\pAcnw\'^PBs_^s$``al96`[t7^ X_@SbM'),
	(84649709, 'k9sF)AUdMyH<I.[U#tTd6)Hj9z6} BQ~sb9zfiqNb=p2xW~%voo#V`k^BeMA7}gv{gg', '=8oA((5@\'0sT)wV;*f\\$t.Q[W|7!OTJc\\vFqq3SMu ~SJ4Kp|b>d0k^,&J'),
	(85420609, '9_4klC~\'fPV\'/&\'', ')PEMntw?[\'troCd6:,/~H(5_~Q-EZLf}!`/,htae=a$>=,e="[kJQ)PR .jX:swtGQYC{*raBnFaC]d#\\YjHgW6TMc>gpP(yHSVG}/wH4Udj?? pf)c[%)Ii)U~qfIt4ano|] {A>$1=6C$wMf!4[OkLX/Gu/R*JB"%/"vg)/S@}yoJ)Rc%mx|[*`"Wi\'N]**ChXKM^L4?/J#Xxy%j&Oa"uD*hwC5rVB+_E'),
	(93501933, 'JI}V8R2xyARWxlDG_~E(lRCf@kNtsLK79@^;AEPsV9F6Y 4"FQ#D1$f1;sKp{f&INrLu5WqdGtaAwIm}/h|qztf #KM|M!"42:.!@Ak/?8ziV9SuHuR~nVE,S6Ke\'Pr2d1)', '2!;pu6z%c:\\qvK^JUc(HSgL;{$#FaP@<;z`BNRUN$o5BY:{)w|[cRBcNo oB{QTd-]a85`k"kq?FjRa$`-1hj:OwvBN cl#/:^K%""l?_pqF{dcT[$>=>P@qx^+'),
	(95373482, 'g7=3H@DwFx,uNsh-}DXQV_E7c%|Ck*BYb9EhB:PK[G|oU,sUajkD2Fdlrudp6xRxNJz9i\\i?0gOBE$Ft m?ae@Bq&|MeG![p:|o8@)?qQjqU0qRC+s"q61pMZ&*daJv+mw=U#{XD7i,6t~,km7,Y*?yipCI', '5JC$H9,:10/8!?B~E|jKL\'Cu(jWp5M6X!CbI~tNgG=npSPT1?Nj0}Jw}52xo9A4ctd:X'),
	(97963581, 'C5^Sx`=wmz$WyAl,T46]r>+[E<9b9FqjfWq`Ur-&->I[E-,czgdU"l/= Sn+lxC+?P!,aj{8~cvtq`}]}hA<BA`l)RkmlNKL~.34/\\= 5;]-\\FuXBk=PN ,>/X/_($A{r{.Htg)fM$|tT@@a)fD$&oB#Lu(8~/44?h6LhP\\s*kA>z&]QLn }f#]\'!GquDz%:"', 'J8bCYi<1E>ah$) U8T2pYTYztVY.o_s*Ju[s)d{aoP.1`xNop7,Z;Lj.g~T"@?%vPbP^Y iYV04\\Rx o-c6f*mrM-U[J<`!/V2<F|n2&Z><$QPs).m6csTz5vDfs<XL<3)}tMAI#-`?uIPbLN]s(mUsQ$:==oEE(Z?U}hcM<'),
	(105062724, 'u9Q3\'vOQwrqayinQeYC_Gmmuoxcz$Y{+&!\'e|?us}@=Granu|=$zdl1C3#FiJ4Yp@&j8<}6n09.i\'hEh{^S=4!He\\Mo[S7}]k+  $=W T;NP8nL', '** tZRgJ;E[zOs|2bs1X1Pn1qTy<Ty>{$-`9\\25)!L|*xXgmQ\'p'),
	(106084760, ' ioo#gdID*[kh*/1MtZp[yo^:.n)EKJ:bQ8{v~:o%94[]nLR4Jx5\'(LUc%LCsgw=Q;|JyZj)lt5;0IjI=IRV-&5v`to`Q_!XU|;/@!*"Tp}d#k3ho[+nC#iMm/Gl*W@_Ddn[O[5l-l[$[7G4A%gTR/rFc1P`-@,y}xS{$q0"D0+P%a\\Im!j~V^A3u~9Am@/hn=d}j1\'_#/;N*Pdx_\'x}_c,mqG^$', 'Ml=nk}*f%+*'),
	(111910420, 'g}QYf,K{bygwl,tFe9,cWvi%daYx8E7*/#Q[ H\'.w\\uXDOBkcs([MUY}Cle=sy\'m(g%DM4Nw9&H\\#5~G>v8F\\0MF2&5]ub1)nshM~*\\E81yHQVr+aBW),M~j<HcO&k(tn2BuCN<p(I[6&#FF.8&+} YaOBH@VZYfkM^!BO\'`an56AFBF7^l<1!W', '>p/R(nxqYRRX^&GJam(KQdntcYzp_V!0}D;=c@R(A0xkypVoGI,q.:19M1hC<Mn\\H~hm B7v?5t/l<]`t2n9:]2X`LUqy=kE93*(~?4K!TR]o[Tzo-8FF`vVaWfaDFMfq%I#.|xM+ #URk#hdn&uLLdQ"[k]Cs=*4+ILD;1DTM`\\DU`B^>M6sEAILh9uYXP\'(LD(\'P)5Eol|mHr.N3=mL&pv{+m}e'),
	(112457149, 'YcYWT]b]x3C', '9v<EAur>sUA%AN-3BPnscAw^h3cT,>VN'),
	(114138999, 'Z-IyNI\'~^J ,ISg[ <{YFizC7GX%=PN;#?$[k@kg&=yh7#=1V&w<ASt)Q;Hv9U6H3#Cn9/M,Oo~v(!c2`cd ^V`ugx&YT~PDE\\cs', 'uITG5Mx(yb;lZPKE3G|A7I]*CU=nzZGLe~O_XI}O T^?Wgf=~0Y)*5C!}1|T;uI/$OUO$c(f\'#(Ss-7j^$/3>u|Om\\`VD^9zL<ES[s\'@fJyZ5]bn0-(6_`GwTg>fH7RHhhbn?;Y}<Z.XjP/\'_Xu/qTTiVoDm\';2mz:>h((/Ndp6J35"qOU2@W:"c}dvIH^W~67*/o.\'nd : SU~\'61]RLC>PVhS,$P<J!)%4F-M)aI{~@U)@\\\\'),
	(114279419, '_,[$E+LEathU-i/x!/0V&1=@zx{uZI&"3m?n 7mO[Y\'mR1}SJU5HA^sM(U^Yk]_wX#o8CD?cTdV..^h5X5v*u.t#OI|TZFmkq`z@ga+N1e.tw],|i]&[1n@t}FUnxsij+?!Z<hV[u?bF,TMZL!$XR5N9|R\'Y~3Vt`;t4#_@9cJ-/Mdyj:5a/0GtbS&3-IK|uzTw', 'vu@q70Fc%LKzysC(7p>$FM[i=`TKOn!mdIg1loJ`A&cH@:~cgNpQwI%u!q[$$QU{0`"@>z5f4c-@PI{vXcm\\)k4 Dw8yGdLgsOqkA7ebvW}^Z$32VBl8V]p`Yj>9Z8/2>48:*[zD(l2.{S-ZBfaTZ8aR:;G}g]YvtYIwK6ugkJTI "emSYW$/*R=F5wq*(7$otx+rFYkKRS{>>J V-tThs-l?'),
	(114573203, ' vMLM]5qGw  WWtE,;]g"[r8QMXiK@Tn=UsC7P|aa>er%fHjm#yVt*,n!<E0mK  IER>.UL(=d}[>)=ins4y,KZ@MX5uj?k`"PCp9*ZT!g.%M,?6q9-3iasLJ\'|80w*\\C6@X\'H*Bba*KUjVB:rIg7k7^\\-")c\\E|F(G6JdE]EU9gLJA', ')Tm(Bdj3tu=r{AA-ajVU\\/aD7&TG~z:%yE!i=BB53.7YJE|vJ7kH;r|AWZFQmZ2^)_lJcUVabIitRROCQY*gJw /o?hbP15}MpypQ,nB]yBvN}IyE2SUS?;8Z"*/Spkt^[3g-l7qKY~HMIUC3R,yF*)v[5Gd::QRosF%>=fX`%-iT"wgd'),
	(115624860, 'dzA|=\'{W:h6dSUDxLc5<GE!uynyb&lc7e%P}EZC/JttVo2WY/%J7|FX:4DoTyc`-gT4t]<aL,#j)o5!O\'\'X_ubl]ddbEUCT8Fs[j@fxw>M.jqS{DyeA<x;U}<C#/Jk9`  JZ/oHW2P9N.lT01O{o6K+x|tI/)i', '\\VI|89fo/,HRNwFawvC:lKf$h}mV+xn.On.(J9t0~eRDJ>R.m{pc]_z9Che2+?;@i3`6m6{f&i1CFL+S0q{7cG. ?|5*`^5H+o#Kv`v2~9c)lJt8Mp6K4baooJu5^1MO>UjA,V{Q%EM8M7=TAogN:{/\\c6D'),
	(120117924, 'Q?oS<0A;` [~U"!D\'0+1.MB2#b<$\\CH=DyOPx"i8&QWLOD*PN9LKF232g0}h05*6XG|0G]g0<Ol>??hI6>(K!=`9AMmxN=J-ILc0c8.o-({23y6xxm5e]`p"c; w4\'ZBAl6Pfmb.%z:\\bV-DF627zuU2Ck={F8-o$3-VD%w12;U(rnFm`', 'CAR>R^Y`(1Wor0CE+/J'),
	(123916750, 'tqEFd=;*"+2\'paC(R&u|LNcW|A$LXUEGuzFhPHKo~fl?lCD0M]r?a/LYr?P3[5{z K60@L&XJT;}%[d@+?XX\'21MAdQvbuKo*<GbEgQp_H#JC^@mRsc>DUg(\\ ?6s5)IzT3xIMbC=x`(Y(1YY0TYv2RU:=Eo;;"', ')HRymey0>7~?_v,N(81#Qq?;-CCB.PA+z;$BIO"R 3!XUQ! R;@g`5FzKZ,Ohf,ifZ*=l^0 |8x>DcYI>YLBItLLe$e{N2D<O%hG z\'E1R1|:[^sa^e#F:_#oCJKiP&t,Ehpb%tkthD!Nqq.^"~Hjg],zufc.`)Q>RV9)O3ScA@y?App*Llc?TKLYW;L4*Av[QAs#e%8V>)83J6@gpHXFm[$]"{O_W^VEV{Bt'),
	(126922850, 'JbD,2n_;rl5,AO+1!raWD^q<jjE+k_$#EIclB](n,<Ji:}MK@SDvTUT]k`^[hDyJ<nwY+sxz`K8gkdUr&l$%\\2V:JgQ^/23FU@0pm_aJ-i"7\\jbMF&Xy.NPLv2lh[f!5ao[W\\9QTb\\TctwID[,s9IQ[}w(lj/?h88TB]W\'?&.?+nxOP^)1eN^Qw)mF:j&x%ov+I[M\\`:q"JWQRsH9lvomp%\\L!E,', ')bBCUmr \\r fia4a`an^{.<e~JvC_nJv&_3M=MP\\ttV?QN4n6;~p"+Z&[0hV _Y*d2h(->HbAHmc+vA],7\'QeJ?<O#RcVLh5S`K0:1:?.t*T;N^2y=:I4cdeUR(}k6?3aeej<tOQQB=*^4JouKiH#KoQrpn1|I~?y/""037$p^n4fR89pphD)0OZ[v\\a@}c5f~l*:oOU^;U8y=yP<oM>d;;m1=wH}7_m.KT=CJzPZJx6TwXwC!/:X4Uf"B[ys$B'),
	(128496386, 'gDD)}\\-oz9%Mq|vh#Ff=pvA253VNOtl1c,JT]|6q)|O"72xU-eFvUCs(s}J-\\^%x}yK.,LM_PwRRE*+?vRV', 'xtRr>8ZM-oJe9f"?>{!B[XJi\'%{|nbXV"-U0O2q_b?@gBsd6yJ`VHA{lI!2KMQeMdxv*|rB-B`<3-(#lS&#IOL:xuVddQ`7xf47@o6kYN$\'<TMIfP(@Z~\'"f8}_fb4=8[*w"l.; g8`9ZTBQ%xT9]8=\'X-BOnW(Vfo~q,@FW'),
	(129229776, 'Au8 @mpn{X`rjXV', 'W5: f,rHUj\')_"Z?SR[o_*w4xHs92VnH5OEaI5Ep$Gk&Ye.o*|U\'~}hmuj3bqN\'A9v];'),
	(129630491, '|)_Bc=M2Y2h_2R}/j%H.:Fc}j31LA`,99oqhS5 0m\'k!]uw,s*;ob<{%D vH&;B`qF"u.A:@,(;}WgU$[3:{"P_k,N(vT2W=6-*<RPk|:\\gx/cF0n6A\'Jp3t', 'H~&sht["$T&T};`WBa9vB`]Hpy>$S1?ils+U:0u o>s}NhB%)[Qh4GFR?#Hh=PL0l#DK~\'6&xt~O3P:>r*;$gD3Ae)_M<@|^lh4o,!U9L67\\i%!^vb4LH+_9g.xx+(nXFD\'Ao0^l7t$p:3L{_{%+Yz3joa`hpJAyD4Q%6M*~mrDK8$tliN]Q\\y\'U*hwN}C3AgZ,ED]??F'),
	(131120611, '\\O/Y9e\\CVBEuK@1`]lKhp,F3x?XyUPi!R-7.kWu z"f[]bTs%/& ]vbIY_hVm-_5:|ej5;9JC#=$2!*2|=4w$Kp ', 'ZaU?^Ye&e\\LjuEeCpmZ]gZ>*n/kc#WZ#8*CpP4[bA}9)G_bX]N?Ep)6rN4zdtKiZ@8$yYH=[{p<2l8$o<\'jgap;9:`mR3hoSAs4-<DTyu:iM|&:$Dn+v)G,|Fss )T}(M6\'lGTECcA|eknf<0Q*zD\\f97-cCa^4]X*G63[8=,18/%{Yn^I'),
	(137572643, 'R*#^f|w?sjM$GRYh|._Z*9(_1]"I*j:wzj+?TP{agVpsqi8{Kldp_d3FG(7wJ$DC e:aSSWGiMQ vEW~*z#Y9HwRX!q({ ljbwZ1;o!P<0;AI[yLSB{ZxFYcDe^sdmj5bM9?h,7lp$NC2(zC{&ub\'WBJ\\2~l_+n&;iCd=(#{%2z,nvO~677ePt(', ':,b{^~a#FA('),
	(144532281, '-^\'$ {:IN^^R~J..>vvcR|_^o$u`(g>D=+9~8`2~{t:uqswdm9ID._H[`1[{%l%U3ftHN D y`a7cqP_P*jviy{|l\\Y~"D/;;d>&`WE~@I<KDGHC[J9f}X\\=Y@y+3Gbi#?>WQrr.V-Er|vlEG>X8+6wx#n[0\'2DI{w"YQ,\\FW@/;o!GQ+tpn=>IrR2RI', ';VwTx~auP]Bn3`|Xfbe!CReH+|o$,HZ*\\7$Ar-Dax{A9HuY.Ic2D&P5+hH7%s|uUN$qu?k._0oCE=aB_f.=RB$Rk/p6V:ex9'),
	(145388531, 'mq{==x P7/5.8h~$4?quzhIZP4-6Oy\'b\\wV)^:C)*2Oaaa7B:Ng``n.DezCpJ`yI30Bz({"L-cX{yBLegT\\R8W,a[5hs?/|7~q|x80B@G})f4^Ej0-w=>yCH*CH\\$g?`+J%.6%O;-x(BXt$Le$~xpk_?3Jx C6EYAX:oKfBc`31f&qd)7<<G7|S|\'0HJ}tp6&.=;g8YmP/PFOj', '93):n;8<d&"Q~LHY)>3rrC]`_;qbF^BVycrC@.D!lZ/D98~r%j~^!vqh.j#wE2e]DO4&1F%O9=G^Kc5*<j!G:Dlo|v0o\\^NQ3||q_~vC}uCS@&0%?9xs83B\\^dG\\vM`l@.0539S ]9:c9KDa"oZmZ-B^WG\\![|lD"c"c7zPPkH*E/un:Qf. -EW.y@F3fCnEs{|nA1=khQS=S<wAAqo6]Qf/f|~yli,8kq^./MGPhrxbNMTa>d,=\''),
	(153102779, 'Y7Oe%i`OC2CM0b6,R*e@U!PnS5D5d`[<8>rY1Lkc-iH]=dZ7 A,^QcK{Ds#t0#q{C\\BX!])v+[mI+kall^v1Kd *57Bh}8!0|7XU?)~}&F5&$"@3:', '^qApJUw>ksR1[N6u`|m).,E}>nyN8`yfQ0(<>yw>i<XW~;N$7r#@Nt,Gm)!1s:Gv+4IjJ3?^g1B41l/pKqJ 4+y|H>t&DsMzZ["IvYv{2jDg#&r-z.Ebj /,r"W\'h1$=a\\Gp%h$$YF[q.zAQwP+Ox&gTtmN\'ee1/Q\'$&NXhyMIG*'),
	(159002819, ')](9C7/T--9Ggn3YM 3V^FV%\\8sK.4)#/R:dIg`)7<?n"[TTxsw1M3Wxs3#X_(_vbRp$aG,Lnm k4y8C~~peT|o', '4&'),
	(163795822, 'pxCKy0W[!~v5Bf4)kvC>^*&AYLg&F]X_w}4RrLPJ,Xh]f9(fb4\\J<j8_`wV@cfQ#M!wJoG_x"SM!0f@F.P3s5|A5AQb}.vobp&U~ec:TxAOxW88l\\_8up#$rjBH', '{_%P2@wM|u!"F0L" 9$JO_b@+6PdH-7rHx[\'P.OfWH C?l6zR]uVs`+SZd>/(8tv{ ykYzM+.]mrv`sB@\\x3h{lALPSpub7t XBn,BiMqjM!cs\\x_s5-z{g,CTab<+Ig*j2\'U+|1JzO\\V+}BrFnw)6`h[]ct\'kiKv$c72*C-71kkcgXA@]cr^M|^)O#rA`hy\'7*j/B~e.Bhl\\k=[UFn&xTfd5eQA'),
	(166206932, 'xAVz|,T9\'CYAQ@8g(/y:6D|e~z@14A3b,$0hITSt6p4,YgvRTnoZmM*YV_Fz$Cc.bH+4Eb2/a`%66fL$vqSS)J_\\DYzyF!8hc,ZW}VLDfc7bMz$=$2RjHK:I>[,D=lEZGqtN;|2}C?PJo;*{(h@F+HIg}(bF8R}G:;;|@K P;E+:9zI;APXsH"HK_u}!195R{,5K+>Bau?{w1D,5?G})WdDXEKt+M@]{@*0gW`VA>"L|L;]@jI;<ed9', 'qavQ}A)@N{b%ZAfOAx_wI]eoYWB-! ryM")t .g{`IK|\'|n7O|.,pcOVxq-_O?jvDH(k:s-dD=/NgvYr ['),
	(172307090, '#TR0 wJc|%q2sOMfcMx~mwzi~fdQxB8~,[),]_S04K8EC}2,s?kpU(0F1wcx+/.owm6s#5J@2LDfD%j\\;\\BF]cp+xNpk=Z`ig-|{j0r)1t0Fa U2TsvBAa9lTM&/`&ON#$;aD33p&I&pGg', 'kCw]0l"Ks{igDi'),
	(179378448, '4+~#5PNZcQ$xX*}Y)QW[OS+T*M B_@&9|\'CjM% |D.ch&sDX<bco:ARhTkc(H/S36e"cp}Osz\'R\'=C{NntW@0en', 'C{>bICK"..,)OS1d8dVXp^!&UiU6LJgTrkmP);Eyl/`@>QojRk8bIotQ<nme+k[1iDQJ~<~Z6@Q{u4m5Q9<F #$In9>2oV@O<\'&)yf}$J&>_PI%+ECgAeC~iq(w, )E7&PIbx"1_DJS9.P\'GhZ qz}>v\'#90c4m&4Tv+1TM:yDRfQ;|yciio5$dW*\\o+g'),
	(180293093, 'D*E=7S"$@Qw@htZT^X%K0$*v*d;MuJ{>`>Mfa\'w#9SWX)36KRCua+:P2g|v,q3}ih>_K/|Q9|9f=OP%eCke\'fx_Fe]A9(~+db7#]$~-3-|3<Fw#,D]{JFn({YJL#nd>^<\'j47S~id:DX<[TCOT);"E0i4Egm:Cs"-Y9j0R0>w*AF]uB+I~mm"X50^pB0`"O4WIz^hN`_5gn0z*Y a7wy@ Iz', 'M%u;l:We#NpJRD*Ck-OdanXOHB:HgqDf=:zDzcHM`\\&2?%BC.<6N-{GsL5.7VL.u_&R6h^ LM=g'),
	(186002068, '9YHvL=7KmY!g|Q;|<gAIEFM 7\'llG]\\!A?', '5nzwb0Gz5hq^ea}2d{S?"Q|6na]~S/9\'4R:v^qJ/#}zU0DR8Eu`{j[o]Bb(70wsc^BZY]=?biAdS>L(u`58HvZ=+'),
	(190794131, '+pW;nep<e6ZOprgs9WzL iAJsOD9)bOLi;1A947f2(F?RtTU!cAwxoz(s?~?.\'8+r PqlcJ+l~tu.pL]\'uU3UI4w T/I@pOykq7(8:,_%<2cW~#fw@$DaCJ@WZSZ6b,KXw*GswdHY%znW!\'m\\M6[MBeV%_9N:mDSzIk;8XI:3"@vk#`+~w[0O+u\\#U!7olaD2v#6H66', 'i_!2j_/9CMa?b:SH7sy_-gkN8}WricpyD,0O|z/3m3yPHH"[Wri)>.achU2q(ph\\4;O3`DT/|<u/F-Mj$ObME![5xb]|UG86[d6:,xKg/4(pjul6kJK<;g-Q_bf$g-Bg(`):I}=rAW%2%0_1-\':^j7"IM$: [dr$4.A=VGhi*5Ew.DN\\QLw4Vo>+RG(oSk?iimg)KQh"a3_jArKHQF`38>B\'\\d Z5y(J^$Vvp(QS{hL_@{S6'),
	(192183596, 'O<|$tOtx{yOaiKH%qsqR$\'w=3~8M', 'P.l.Pfz1+*0y&=S_nX?ggG>sM%j?<eee9jRI92}R7FP&CI!vr\\YVgO)U]N7OLosgjZQ?r](]|\'sw3ShU1FGs1L#nS|b^Y"P_8\\*R*!.g\\iq={@lX*TK{p73oGSlzolX4b`nG=gxMrMa7 ^T|jUSo\'BR4gXqe>iN&rF<(>w%xSL5wfBmY)h\\/dvr#@ojT4Zzo99>?L.&_nC}gYHj?b;pB,S'),
	(193110451, 'wF5q5oxlMmj<@.z)x9|\'{*M//hF#Nk,(=!#qfwO,O87J8=XQ0t#n,25_{w4)K>T`02`y:nW)lNh62~r\'%D].Ck)jU}mI>3{,"AV($GqpMva>tfln0Q|koMEmvJ&7QLjG~)/A[NdAj[u{zRb+f74X%k/u%QB>CTalt8uo~mBG)Ij|wl,_XfWLz54!3)X"(D[w+p', 'fQ*g`zp8h0JwN8C:Dn3-yck1=g?mbi&\\@{#WW!&e?"l/yqcUHE-;=$x%bA'),
	(194690274, 'A<K_x6K<|c7Gt)hf6.\\m\'9T1w"u]l\'uQcG;R^irUo\\lXc%HH.@e)o6- J3z4Tw`M*,-p >*z%\'eLB &&"E`(N@`d/g)8yK;tuX^\'7a)F25mESeLu~HmvO51k/TXPU!D8Q?F', 'OmJBD.= 7]Y4;uKJ-^B/,C0}@Wi*L;v(bkMk@nw1mn_:3bp?PR^>=t!zRmN}Aj]]\\q42C)l*w{"E+)2~Tv07U[gzc|jKmR%dtDDU@cV1TE9tNg_X#}fK:%Lli|((['),
	(196064193, 'b;', 'd.)y4g53h9VwTAKGJo;}rpk:#k2C~-m$+X}Fyy2wTlvV})KX1ev%V$|>A$$w{4=^<Z4ijZrZ:94$@DqRT^*mbM'),
	(201690668, 'xA;nni[3=kp]dNV`HYEOV?\\-gvGeQB/TI"<I+`h\\=JK6\'fwga|lT^fp,!nRK}"\\n=t1*0\\h.F!$g5mx^";r4e^)ibPs$Ik sEZ-2W,n%$5-3&a;>v6m', 'FI L\\KiMS6-J8'),
	(202882886, 'aS8_miHrgKoG6[K%,u?_oQn:,qjH"p-xMe|~wv34 g<h}s', ',^xXvp69VfSZ>Vq>FW3QH.WS^LV}4?H{kmM76k9\\"mcvcX/#^5@V_u5GQW[<1-~oOcLnZCN.)LD_ {``!u* J^[hs_h?Ur1*zjM" B/|~_fX*21((L0sO~!NXozwkQM,-mbkHYy5c2\'*M?DTe+lLVS|J9#?Tmc7]<s~6s%'),
	(203282488, 'tYD6#tohttns$YBGYzyhmZ{*EII4&^U7t<mn>2sJ4aFc1 C9xff9RuM\\oX7`D@8dS?4hd>5Gw$+R -YE<!3:X>ngQkK0wXC(gUlPOwx@4BbIfUo XQ{>Y:o#B#|V O47r,,0)\\-:7he\\@DF1-:}WC2JQ8)Qxa_]|bI\'R1,$_+.', 'MK36wdWTvuM\\V"P^Fd3.zN-o{[){Bt2QKH.m\'U{;fGWQ}KVj?Tggg{2yPM67VV?U3=r7GB8-3>{5x<C*-@K&o;i9r 7Aw-iXPrP.X9QD$7(!{5daJx}<R&A}?`slHOL?:Tfk/q+[^ J2%t5C|uO3)D]['),
	(206231235, 'LS-G q`9gAAic?P!:YND~Jn<-3(cb=`GpX&#/+X"wt]', 'G(k?*xEBw%Pd.)?3m|BS,u\'}n3l@<L%y`XY@Yimr$HF4\\d<i-*B77"=yhenc`t{9#E(^9Q1rXG/y`LC&F6d'),
	(207721418, 'FK%j?', '*l&9QSiq"vg3m5Z8J#uP}f`1~1be|@X\\)!U]V0X(|-kp){c$VUZk{Y)07(NU|!q 8vi Wq!3(2cYiJ{GZc^hud\'Z|R_k8/h&CrHCR'),
	(208183499, 'L-}khnh;V?z]@2(_(I 7N-\\h', ':FWQ]&i*a6r$'),
	(212064049, '_&#d[ly&Q.^PT?7}M 1:4aLN9E3ny{4U:H;J<H=pyS*Kfz{>4t(REiGl*{^soQ7<;P 4!W0(duOS+lJcDYTj\\Kka$0.+DT},,Fp<[Kl&YrF[;nm`wfzl0mJ;(}f\\=_p1hfFL', 'U,8A/mN\\lAI;NUnR:rv:DqK,=I:^e,w=fcAhY+v<@KuLWSRMY1)]M>T-hMxj1E>I-f'),
	(218843456, '<sV#k:{JYT_f 9kB@$+8\\t)4&O5jKFe}rQ{?bB{y}:"Zp?B23R%\\4j}^*c@b=~yd\'0]\' |2C/GT3YRa~fBzMXDsU kwO?6GX4et$J\'>Qpz1P)G;bLVfp)]LuJ]<6cHJNTnm/G.Z$71..BQg[ry1~e%&QYG.[opG^:s@L%1uN|\\#F]DfNC!t:6[T0\'RL :ojiV&6-1aX<*+h1BY!DC(;4#qCPx`VApd&rR?)R@', 'am4cU#1iDm47[K8kT#an*<RpuD6DA)fdh7:e}/xLg_2@~je{b1=0%)QUz/ba5K@ozdemxF_@)3S{<-!J!854d_59!FtOlBhZ}5Ml[5] N(LN;Y>m7L<deT7Awffm}cA,/`soZg>,$E*&PCZ/gts`%xE4Y.+GQR/}Dpd>hdAC TYXDmS(J'),
	(224151248, '9@9_m|&M93qqC]#}HI5RDN', '_((]UFY'),
	(229670477, 'rFO7D(Xf/M|gwrKe;Y$L<8ge@Gu{GjqkBD)5Ami_', '|K2S`Tvx*T{(!;nS!^q)U\\.J>D?&)z\\6Li\\Bnx?{M"Bi tm$~gd#uM-#[n`V%+Y]_cy-vuC`%M^]\\!u-a<!~Gt*<$OZyubM{&4`+\'\\s\\NX#%HR3s<Uw5?7s`].a7wN-s"B-\'(5,]h^s>w_m*ly?PGpcsn.[WL`DocD<=7]sl3[lkk&kE%}n."p?r?PE\'~o \')\\pYKi>LI\''),
	(246226243, 'rQ\'~)ptr~kqa*m#=M95tJiY', 'mlC8 6sO$Sgov. JE)$qVf5ZKW2xO+5U GMKVmMv8{aIs#`Jmy@P.i8b\'g{Ficx^<LDY8z={*h5FJU\\<cV;4(vM+Q\\-4,nSeNl^'),
	(250896705, '3\'k",yHvPgX 2Sw/4%xr^`u2~J4RaQhb/V2zX|rmzas&CJT+lA+R@$cYqGa4mx{<@J|Ys&=k.83u.=GXF|5$cgJ2,4tQ}CJ$|gyrk\':AxBR1A}.T:$7<K!dkFScp[p^$l1i\'C.x/*!4TP-Q`0:&WOHfJ61LUw30%+z%"{i\',R9~X{:FAE{M_%rFE7 p}p+eVcu:{-h/@%<!rlfr^dx,iXW3)"yvD)\'0isHkVh88', 'S>jqta&DK]XVq,>24".|3GOTJN'),
	(251663889, '[@fdK~pbngpGYO\\|hij8/"T', '"f5g-F=DX#D^a"NtOADhyJ qS:-P(H{e%4uFC269lT43:*Rwk3Z!_Q!$?Mf(#(Pr}/)Oo:<@c =\\r6Di R$M^~I7*#Bb x3t>(gTSVWy9-]]?g*\\DZSGT|/tA5^S:2_nYX2&9s=&{6\'Do?Fs8qC!iF9)$r16EM0xG?+KUi'),
	(260236535, '3S8s@k:SQ|<xwL#tbCnU-P$8~dJ*8y5?=kNY?HNr/%WY7>)D7E88', 'W%2R_]jFHXgx~4/Ut^8V"X7E\'U_PlJ%p@Wy/[ERU6bY3Y!Js4Fb!+wi<8Oyl r:Z3~8+VxHO -\\*Qi^g_C80'),
	(280200836, 'H,4RnbS,e/"ZNv"S2;vcay12?^<3I*_t4)?:9)+kA:;2cB%j9oE2ST\';zXqn{";m/q?"GD/rGdSXE+\\ZwPCAv:Q{951hv5;;x(I4BL%cV)aj>L"r1foVZ_(C!^cbREtcEKzb0!$k0R8\\d{q 8{t^I /o^RM2SKY+X`5bqK0j:^=w;G(,U]_h,D{m>}+c*X=2m', 'eoD =I]\\O;0u|!d7HJC[RuuanXq;18QS|)^Z0_d-%:zh,"T9L`m>eownB\'p8g8D^VvV"<T_Bl>`[M2\'32k%p:N`\'\'=XPqk<V2$xe%9C~,hrA;2SV\'R]?bt*'),
	(288718813, 'q);@qo9c&E#HGb[G%a+57%r.^2w2,SBhBGP_)9>yW]A`VB*^\'tb[R_)M@!Haap&_/6P\'ii5(+z#.w:dw7lk5!+j5b/D', '4@?8Qnv[Gx<]I(=rwf>Dd**G l2X-Wp3cte-~g QYF7#\']TTVZ]\\wj}kl/~gq$ 2ar`ICwa4ty1]C%8\\'),
	(292913345, '$(y<\\Ad6J^Jyk@op8-{C0hI5|(K-9;V<zA^7Fz35_N%{=u7O\'IIZjQ/p}S}.=t&rSwzErMJYj(w<b4Im1vTr5sZ*>s{|xfFv]a`yDV$3/2%y?{((DOB:gsJ2,XE@+^)nU-YR', '45 3Xtr=Z!= doNru{HR=Yy];j`-=B:?bp5<24zRO2/v^kU?^)DbaCD!,8;epOdk^G:ry6%^ic%I~}#02HnmMn9QMH.2zHsD"(gAtR~(En(L|"ucs/c$QO*4LBKwGM4i)]M1/(R#/x%DGHXMF02[e'),
	(294412347, 'o}2)05#"!Qhq%f<jyy*/yz}Xekg<', ',~z%~i^sc`lCkwmQx4/\\__\'D:xy]r@1Ali.|xEG;5hAAs\\~(n'),
	(297682196, '\\`B;|\\QfJ$wo8!:wSayyr129YJiC"57-usQ/roKJ{jK;r$[?+_Yx{%FKlEd3P\'\\nbmWY+<%,\\NRq6s:kEIFGR{\'C:"gS-s"cIr<pc:FU*eqR8CLj]\\G(i;|&8xZUjE%AcHRNUhE[fXg49`fG=xg}p/^jb3^Di[az@u2RSSiBUa(b\'2{J&|^TqOQq7Il|tr4=?c<CO', '(x>,?]{WA:gKE]r{jk6hU3B_8vt>xk4qd_MS'),
	(297954723, 'cP~o~;t?Ddh>1juQ2.]%3P)!(&*?;m5_YI!QT&\\XmEr7H^m[iO&_Zz{,Qk:<\\%V,[alx}:/eE]\'%bR|oQc/JdKp6AmD,VJ"zftxbjE,wGo]pm</}x:f;NaS13*]z&o7CRtzRtm|2>$@;K<I52s[39;Z\\o@qL"T1|7dJ3Uu', 'Ca&GY4>+%*G^9lqE*.v:z5@#\\g]!XQ|n-7B_[TYk:*}a[5wzy2td9?J9YT(9\\n=Q}p,Fgoo=#;sYO&}0;-&NpuQ\\Imco@{+J6P8Jz?1klCY946N^->yGcCa+~@CBmiXr$A?,j/6\\CdqY.#ql=2bpK+S PT+P6QpmEa]<DE%Ms@VPi/HiKB6[6@*mQR4zpo{%)w4>Jx-6itnyZdPL#W/.n0rAu~,C}h~/kZd('),
	(299254600, 'gget=#ikUs?4 )dE*xIo1\'d:O2NT6x,n`}&=n_vdKopn%GI$EdqlOB])HE `~xRWCcx{;rrT0.5+NM>j%5t#;wokD*-~&TA@G2T<i<mUqoIDW-Q].)\\QI_g%cOS(@\\h=pzKDQ[~CVb<"@ieT26Vv%Sy{eM`cGUP[-lQy Tg#B9J[L88=-oMOMN', ' bfqfY5x'),
	(308309730, '+w=G,+RB")m|O|H*Ly_*Gp&:*2xP[9C{Zxi=:', 'AmA%4g+y(EGMarp_@]{bA5ue,Nr-;eNY~>anJO{k.fvrJlO4H6R81&&,#z}J4wjc+UA'),
	(309654238, ')(G?AK`b7PHKapL`G;g.Np-,eh`?wyJu4*KT9T62lB$doMs^\\ua!/{NM_O:eQ:{XZ"Y:iyqw/W;1OD}^V<]3M<|aM`<OHLM +H\\j+3>1m{$`h=D}eF! d\\Cy&.|5O3<&G"!q+nrWTyF&jEZgJ7r4f^ve^JgR_TcR azl1.3|S[`5i/0ms! -}u7k', 'd;#{}xr2G>K9KMM6dA#$PPj""vZKnP*FhIEMC-A-Ad+yr;LIY-E~i!%afj}hi:{^!89DzK}pjI`?IaY:9{5([&jRiP)\'|Xt)T >yD|V)-NM.(1k3CvKq/{t!rb?,Tx`Z\'-8M`c]S|TF`[g5 4=$wq{%Jv^X8P5ED|?iF9`S] $rkhj@jb_z}V:ezwC9ChsCy5KX4|l@b&\'ix*/q'),
	(318312346, 'm@@!<[}7x_!(%C-\\e^><28ko=4A.?F./6#jqopVD@O/m{G|wo" \'A1)+^-bvpPX\\5{9KWXrjG=qCHXm#xG)YfC8Sx+=2EeCe!^F-.7dyJ&fA@]50j&a[sizofR#fP*]ZHU5RLn,Ap*G+FIM!f(:-Y~$ig/b$Tq; ', ' 7Ol"@R\'0Il-~SjgRqD)9\\*f4)Cd=p*52F2e,i!aD<=vN\'2=:qvqN~_T6yf#xZ_,6+!1+\'B>7K;t2LOP./Nb/Y6(3x{ACTya,6]DU\',_a?0)VjJ n(0lL/\\ALaX?B@_Wi(!vcmvQ~;.D2l>#uJ=]3TdGhnzNnC.*xH@_HT<fp\\2Fj"uHoML#lt?H6q,.jd1+9M\'t4du9@\\!^3YNV rO+CK'),
	(326798139, '3HW~);m%^YX#sr=bMvP~~~L5hqcI,\\ZBC8oJwq8f+6pgVKCNR#+78Hn%.\\Z^y8eIL4%gi#"[AG7', '(C|J$CBP~(o]h^G`FjQ=puasf1@_G@:z3:n$`-]iO?Y@fO@S5[?Z}Z]@o+`*#JI%%kFV85wYyyMoqx\\FP,:jPED6x+jUSA5E0P{+c9\\-E0),SxXNfX6*2yq6jw_yyu2KPyP^-Vh)pe@UpaM(k9pbz_R[&bXOq+qpCVo'),
	(333511076, 'hUYQd\\bXyjGG%8B7*d2D-&k&l9\'!ehFDN|KT@f#+2s2uN0YrpE.;e6#TN;!EO@NU:cM\'iHwY;<\\dUDx{0=k"1H|GYoUNA]maN+7A*QAJ\'oQ,SXfuoVNi=*iu,4#;"jbcfSF~D[120j3=,ih`j;b*tNJBh4?]e)i3nB`$Y\'%Qoz\\>Q/$}/Wv!\\Vm<r0w?*4"Ff{twc M8&`=*>8}\'?Zfn6*QAU', 's|9!e0bfwFY=gAVk@QZo;woSr>=[%=[il*f]S"),ec.[#xe^E:yv~(JQ#[JEd)U\\y0URE(VSBH/E;5^/c!:kLj,h&:0M_iWu%M1@V/vIyREj>[-`+5&%Gs$Ku2}bqUVHQ6Q#aa.:_CThh^b+#?2QprUpNa>[\'k._;TxmacOTle>"\'~RvIZ :,t8/wMV[{z[QsE70ozDgdg=&SHU}t9<ayeu]?\\)mz`!KC^foehI'),
	(338601595, '/673*T7', '~SdCx`nxVPf"/\'E#p@NGIw^}(FvV\\&bkXh4z&9kO{NNG@,8Osm=L[rH5U#Qqa{Z+`;|N8Q2 p,CY/ScXhv0?rw&OizWLd>kL-UUdXm@rgru$8DH\\MHGS32QG%a,G%a>#S4VLUN<@=m+j00'),
	(342087864, 'nEK6\\Vjh1wUKx`>\\owfMKijp8[Z/Wgul}M+;e\\46m!Tjd1#!iazVsUcOunh{ %2LnZoY)n{V53g{{h5H"gCIRFI.F_o~-t*[criAJ|"-&#ng?1Ygt$W<Jqg),AbmfOwpGSE?^wL`xp;&3cIi.jN$sSQ#Fo />`G[16S~nQK=@dMz_/Y0!H=09%a"Np9u#g =dl?G7]3UlPSVQoQN/dYp8#8TYrk!kQ_/0B7>H0#BiqM87U4', 'd_8rc+@My/g_1?z>,;)(\'!? ^,*L"b:X8RM^a|*$Yf+,N"}n'),
	(346295825, '\\ncjM,9sSq],P{&LE+{vlUCoy\\p199.{k TkICiE+Ya+@xD,C73_T[sL#!pQ4.EMNP3Q2mFKuC<A6H?%1\'m?7XiB(,f,U59^1Of3BJW$+C}+\'d_{j<TZuD$BXPKS?Hp', 'o`,TpZEB(xXbPw?:^0(dj8?N+e>6=QCzyA6dk~Pi(FG:y|@*iQ|8Ikv}4M#]"+3oODk=\\U;rK7("T[v;_h]?_t`;KMd0l\\qq!7IF%^dJP!`%;LAAAtILTk2#ITp,c?~0QycO!vGNX<ZIqx.RAMV_H%^(g[>oW:EYV*"Vf>\\4\'ld2e9vgg_0CtWuN#^ER$F}a5va#b0< @;4:.R'),
	(346406965, '~g?}.eta}\\*[b1*V', 'OvM8&No43IpJ/?7czBJg]{LosCiIRF"j!s<LTP9BL.PW:cv:&,_CZ;WV,cOGR:+{b]YQ/nZJ"$d 44Bj@<j"_GV,"en{j/xi}a]yK]tnH<@>rew$r^[9FgFgUbwL}vKa,[@lX*R'),
	(353850144, 'B9k390! +_$RluP&7L/ET8bYnhTs~F/GIlW(.#:N{9j@[H;^:WHt?Pp|d:B97#eNCE75gkzg/%{*xs.ci{Lu_#==B#xnK(gY,,\'J.BNEZe!EK7tLvl9Z7jWGY^(2a<l{Wq1g00vv[:eH+R?Xl', 'X>O0d{f|"\\4IR.X2S9?/n`|y1$$'),
	(354017674, 'e3u|AGQ#OG:F%:6eN5;r83jIb66+N$ULEiLktd(Y!<fQHkWpERM|TT?F8}k+,WtW%0>I_#\'s-Bw5rDl#3n,~Obb4$bJsVWT2^IG.o[V]\\kWjVCLRs=2&a{<GYPc:242"bL2KwAqb?.M4U8p${+&X"=jTVx$|0i4?9\'S.ff', 'p.F9?`\\wqW5[7i>}2]sqGQc_q!yk<K{wv(vX_Z;BbIR0}M6yxZ^Pi\'W@s3^e3Sm;e4E%Vr*TsmkM~%wu?@x>"Q,e2\\aYLnfY/`!2,i,W'),
	(354736993, '&!!<7:(-0vg*9<hRS*(4fGe[ Q>Xzxkq>m%<JqVP6Zz0KK?NUy|<4+9 ?!<9DSH "<d>X3*DouY4|4y*!>O~jAG\':I/N*V!k:o9`Va|w-N`q3KLS `.Y8wO@h<kW/*7OcGu+V"%O?0N\\>wt^0!=p_xNQf0NoB#x%HT`r 6t_Ymh\'9-A}]t5w?o~R.ewN9&",)CTWWa^31C\\\\fP,k(M$KoG', 'N}b-e3fZ\'tUCC8%0&;qYg36[$_PoU!g1d3tYb;HzzLGtn8DvJ0EUiuAGE\';Pi~<;fp4'),
	(355677585, ']gSPy@~%mH2+JU!i8]J14pzjEqPqXT.|6\\Wvd0n(\'{9NO!Je2oHeU+`\'\\*a.A]vL$hPv7G>jXEhnbuT]w$s5WHpF0D]XEeq|))L&`r{J4g4fO</T|k\\coLPw) C"9W-+x0NFO`qTh-Vk\',', '0C+G_0?B{QB66@h&6V(MDG@jm*g/PJ/vz`bo%bFf\'U{!|ca&BYR7xF^.,.rcA='),
	(359106381, 'i!(.=[f09J$Y@K#tuPp&wV@#AlK$oopj?\'m@);yo}C^N,8\\PEP"}*bS_/w7D9yDI"hS09c/fP=*MfJj_gdvQiz;X3)n~OAb2ZpX/fE<5u>)nj}\\*,rF$(+wB^\'3e/&-k0Ky"Lx]Vx<HNEH:&|{$+7\'/OJEO-F^~G #2^F{q!1{%+4r^1{C PMj-K:I Ms;Fd`BY3Q6~g~o&&G![X&k*1 7A_ZG,chaFj%R%|lVRxJ>dF`.xqQ6n?\'Vb', 'bAIOe/y/6}\'N8q<]HXDt1)1 m$6=z{M8P,Z2~ZopZMqMu&RyUbV}_>wPbu)cv_B7oIPt9Ol=l)0ti8rn6Nyr?kT<4jj=6"H`1j(@krJIf8PowS=9Z]<Fx+Ch]%>)7K'),
	(363582745, ')ktrjteQm5~+69&{\\PwK %gXO*-EcOTIm&LT]8^$\\P>7.7~1eEZb$s\'6qV,1,MOM"6Sud/w-oWyd=u_;rpzg8xrQ2`DZMV+MpaOa?4k,LRh!Haq|w(7,X|5t$&P^s0g{Dw*aYle%(&Y%MH{+hB6?lVFKM{"aa~CcjNRWF0;]iJ03e7"p;""gD-k()1>US(W^2"@#CE1B+P#;bZfLFP*j[vy?~)_X@n_|j6L]wC:@7`bY.=IL$=EhSwQGi`8S7wO', 'fw7{'),
	(366769460, '7RDjn`8x44|4veH*kN JJhS]XX`G4G1`O!G4On60.]pV4$CE,-:nm\\rt(0FG#=d(Yu:%CU$GuGaCPMr#;9i,IQ)&T&!&FB~K&*N3ivi>c,LiT3Yw\\&8dpUy1pvOh\']+hXW[y~_;bRxcpT^\\WefZ=Wd{BQpJf5LT[+:Ay8H=Q"KTT0Q=5ANj!)`RtoR /OF$:f0D9iODsSr_eRi=\\KTlAlwr/e-v\'~=dYj7UC`}t!.r@', '3\\_<60h5(^~itALG8: .jPh)\'h!;Y[GE4Yd=%'),
	(368690339, '),Xw?mXtpe/b=x, O6xRAG:taOBk-nf=[jj/0F<Q~4Xb2*<]B R5,X7T6U &ftBzY>S\'Xy?k+N3yo|#&gQ.nC^@k(J3Bb\'|H*~Sw4POQ_SB,0!9e?ses0uN\'}g?I.sDZr9L \'-@@1\'{U"3/FCE4 ~WDcni:Y+5^d4l#gYn1dDPE)){04mWVvbwLl\\RKiMP+8/N|^YQ)z*xV2~-!Y51kBV({AUejI%VB(BD~9;)y.B/xp2\'^>l)q473p*yja^', 'd8D\'hs76H?:7dGa\'RBLGLjFh@rb2l,%Hbx]5*D=K;]*$lLswf[MSZXyTQSVwYWs9chfD)<8=J#70B(0tC5)=\'@vIf. qd"uEFGlg[GzUYF,0~hv!V3EPX&N[we&rB{O$vn'),
	(371574404, '%%X7_*V\'I:h #eMM4s@O\\\\ATkA^PAObK,wdXXE%hX[`Dg-maXM\\NOjH&~`_ou"tgGu<f:rU^9Z.E}06<[R|zyAZ{z!~<x/#GX^U/nKN+)p( R*$,>JC=iuNGFK(UbV>nQri`<n&_IJ (ZOr_t_u?kdIel^~3w0=$87>QcE@v@%{Hx.[!h^e1fs_C<g>_h1of&O^=!', '2\\To[]Z/[wSs)I<45yhF:>p%)5HA;$.g?gTJ5=8qJh%o>$,?~/fl[D5QZL!Up-|5<?N\'Vpwr"W@!jAmW^wP\\d JU6&cs~D=>KU6'),
	(376057315, '5pvM;1@9"X7Vsehi \'0!U&tYgK3{Sh{gvV&S %D~PuDC*Mbzz7GRG4_?QD{b{BB', 'IH7ep|GoQzpIJq2$D*kk(<-b2AY@DR/R}+J"%z%lW7C1G>}g#9Y#:Y\'DXHoARb~]BXbL9"bgBz/[Hn+#:O*[#@ xdCvj jjA!|\'2M-QD]w}@ifs8.j]{oc4``_U7=-aF$Z[G*3H2Df&P^vm&==QSRoil'),
	(377672918, '2ivz|pP_=5TOWur^+[LD_G(8@i,Si:Zq#Y6wR1R!/xVU-x(pOmXi,?~GhGt?IUI;,LJfn2)&":`[Val 7=C(PV)dD>>3>$UuU&rR78".NT3e}\'NrqsN0~Jy.zYqd\'?ykbe&H9/%E{11J$v%G+vrwqb}I#P[xxxz@:HkRL&s]_fAp$utv0LW5JH^)$ILJb6L0?k~"L', '.Uaz0Qn[mpN5{}2,@F4wzAfRj27%o&}MNSw^iXjV*!pPP+XbCDX[<9"~^Ve-`om9Ig(q!`y*QMB<yX5H"p\'DM?)b<emV\'Rn[Q,faJvrO4SO30Bg|TAE-,1\'XCCpRmC{_1D7H?'),
	(383205388, 'H\'Q.zPOLi?@e1pQ\'rP-\'d[wq=L5j5g_1gCOvA uX4}x _Oel/~4[CD@9@JkJqMK@P/6z#&"{x@n[N]?v`(UlNs=_', '\'G{fI8g4=vc~)ndQo#3Ld:^R^I7&F08\\VwrGa5K&1@NbkX]mwcaBtFHP)^KSR]v#,4&B%=a{bsQ&(x1m$"Mt*=e,>]ql\'f+B};u#*>iQ8LtL3iDgb:=d*M7YeCd2/m#0A3%n3r3$k[VbZF|%Dl@KB0jp;F6P+TH9O*[\'KF[ThLM&&F<?X%*b+R<KHtN YzcYb5)(g4ih)_A:'),
	(390801344, '%uB[GrLM>E#OT$z4w}Y4C;rZ]nbe<3h!Jv&lEJLZ)#R{,M$yUr>"yLzs8#`-[,W>%DiNQe*<0,yIQ*Zdk:;<tgSaUuLas}M>s[xE2-95|+Eo8tBHp^\\&4SRx|eYBwLxoqeqAQVD!Bd?e#l&>s6>N]hHF>+wlo@P%sS_B=LM,]vO?lpW$!|-tWp:kuz[=tApWla<S\'h/|Zx!N_#o]?]bc-ge`M?4iU8`EHRS/#wXlO<;a}EpTpfIR-y~Q6^Q', 'SqlsO6 ]+wSi{j\'\'8{bWUT\\\'*Fs`oXcQcy(keb+Rx8Az-HKG7lUzD+D69]fEF$;p/?O<jY.Omxw:[So+s~`958Z!S_SmN5%50r%z9F1EkLfWL`z7=ZDPvS(UU m{)W1k8Du_g;-1YvtW-brMri%\'6<C/_d^gdn-=(f2kh6i}_l!uXb|/+X3ez_u8tAi~9{f1Xo5$h ]$'),
	(394015947, '~;PG!-m', '`;~<&D(=g;8`aOBA+Y#qf(CrZn+'),
	(394981032, ']1skWA)m!4iu"S`[3ouiIy3_E~5*!koWs#bz,xkUB+LSf Fi%g?i`hTEU:V4aCB%]X%b>s2(ef_I[W#$:e"b__', '#x?Y/mbmONt~\\vC&RcA_Q1.kou3z'),
	(399017423, '5tob=Ru!EUa', '+mi:5(3tsXQ_^hQ@.;(@MY>=/1_c*Cg0]Z@ez?=73olM?rqe9p-"zra&Yw_b{ ^NH qUSaA}}u86) ?Rk8T) >M^EH`bnh?;`%vS9RQzjW/2T};5RG1[CR$WH%{|OG}M; )To0im@A</-"<[vFrh1&K/fw>F\\1(:h:$R>sp&OG~T7p4r$SOe}GXVRl\'FkfD88UBN'),
	(399372751, 'aydgZ%.+l|>\\aY6ms(R!cHlLKXQD5m4<`9ip2aoU%DzOmi_gqLp(vJ', ';~tC"vYO=R?Za'),
	(406260700, '2C,BKg&N0b{.czbW+.l{Hkb_p1n223}-{(O)OIzCS2G`}IhXQ <%ZFfB|UINP>5T3fGueWazU]\' l`,E4+xy$ynIX5eUfAH`grL1,I8QJJ]x00$X.Uqd0 rfgj_a.uNI,Sp7+L|zW{tb\'.Wz{tkFtM&dat>Rx@.uY?', '<UIKlXW\\uI[_B}2%sTM}Qr0m,6m};*?8HlA`99eoT+A p:\'Ry{FNtz=Dz04Cz;/SZZOx/[nN#|s/XW^^9Dyj4j'),
	(408065097, 'XW{9mHX032&:d1!.k}Wt|?]MABi*xBYKpc6-uZeUz~m&.@R2pb+1|yd8 |O7lY9T-1eSI6#y1g+a2e D9<9?>K"eq)CX?0+Btp&DG2G]|gqO|tU1dx\'O/Jip!)LLP#Ad', ']8UZ5ufxto<ua{7qk!jE<>8\'ui_\\MkZBU_tWs_{/[dA]@YJC3t8b7/=0}/F8+w:|b)/ZS"h>}\'B+CPo{OzxO@y%zHDD0wm+g2d+hIJ<RXBOS]Ca@/lg KH7Tu*fN,'),
	(411653752, 'ct#}pPSH8yziwc/4HSgMCGsOuTeqNP%QyNX)?h<]$q#[WjkaGOZB2=+f6\'tck?AXmSxv}EI', 'I_-*A|ux.e?vFpr18-2R6RHY`8 O$v5O))buIcL6~>66V61TB)8j*&jRA)\'Txk $]["lgx%kf]"-Nh3xv$Q*HBS9+ofI9T5w^O5iw&m_[?b#+`.m1s:9wDDUcLw,udD$_e5t7+JoB8Y}^9?&J6\\1 YT);9r;po\'h-)mDhT9.)WEaMo*{uSQtk"tGOi./@L|jQ'),
	(412615997, ')n]{n=/DXBdh;R\\h`n<QO%dvJyNV~f)IO0RN-SB6WUn%L8Z1+pK8#UQ^}oDuz:#w/5-+r)X8^X$gXPv|:k(Hd$C-[Z;MDvu6&i^j~oNUm7a9*?4H!qN:>0q2', '3?p76&0JuyZS`)5j-5b{B);KTU>Y]|[MFi4 Jmxn"NyQ]p:\'b4t\\o"j~ct4@:)23l#PZ:;4{vH;~nUa~4F@)RAS:O_q@z}X(q^@X(U.w\\RE!DJFUi_;ro?b7Ge?GYlOmm?$xjU>|X33]T*=X<~^yb(k\'9UwG;(Qoht].p+heRPr~`S6_UT(q\\^q64<-/*k4@\\<s<A{|~P-d-.,~,-\\u^j{BHea_R86+=0a1xzctuxI=6K\\=\'I_,vll4^[.GF -a'),
	(418033155, 'Y?0JaxUHB LsWj{(<+HLTs8?T8>iKp]Z{+{1dmfR7:3>"l<O_ZLWVo#r>d;6n|S5x{"Tv$.+9JTMQ:~"(i"PDc!^][iu>F-Xk++/sMG/T!JzJ~<hEd,/"Uy=}(dERrU3K("hXwuIB4Ax&/', '+(ilUyH=8vvYzuV3uNRP-J*iS*{70UN"q<N(ky:Hj.\\GBk1dq)@D11hwvAs[!z\':%lW$"6&>|WM] Km$T+ZLo|T$mh;NA4Rg+  fPI^lh5B=n# Bn$\\W,B&V@14Ca.s$kzu9VRuKv4xyBTk,m}uV3;udFXF<)O[~+BZeYvX[~pPXdx\\% c)>5\'TK'),
	(426131472, '@h6u6{n=dDHoYZb#v/XM5XKB4:7[YCq#Bw ^q*(@N-rEg8$NxlzLgC|VnUM;`j;{R', '#TBQoKnS6:|2Cj|{\\Q5xJsTCzQDIQP*Y\\M&)F_a\\fry)\'@${(B&^g l,h75=6T>:wK|7bsKit-Pd^{(tZmBN=SKVC"yD4@>3r_jt2t}SThhi_q~X?szn0|n^R\'J]>Q7B7FwK|DTku}{"gZY`1`>\\waa\\A7s+M-.Oa+Nv]ww_IgY7]6dR|NbDf{9"6"Tmc[\'-ZF=cK};S!ZA5-\'*<:c "Ey7XzS!k(l!T>}vp2x>(ki*f*wLuTuq%4ahD'),
	(427764738, 'f1^3QD$Sucv', '3B=7YziGLGwJ6wKijPn6.!M+{S2Y2:3 {`!SI5$5.4V=<@[Af&dds~_:WesHf~dn>v~Drg`Jl\\38%r0}'),
	(434749430, 'rN K^OpGG@]Q@38Qs*dmCC?4B=.>,}j}2"2?u]x6;GzF~WwCahk-@?n"S+U7<nD7A', 'QSj0itMj8 ez!x#e4}u$:u)15Dw\' H+Bc|bFjikvh_/\\(H/K# 3goq kJV*jb0\\R]S+"="uEB7Jr2HW!QtQ)V_\'C51Wq}E@aJ1V,_W8|],@ilb1+->1*QvzM9(\\,m:#*Iqa2++0U'),
	(452984607, '>#r$1c8T/v&ft*C8\\i05lA$1h^of2Ymu1><PH?b7C,Y{8D/Q?d{;Vc8xuK(;^%g@Zg\\X/HAF,*d*Q9~v0+JqzW/P,*V#$m=h-a.RxR>He.=Vww#-+X#nl+rBxt(jbBG^[MtDFt38B!S#AbM~Oaux,2 L`R`\\WI!YCF]"FK.J&tpSB1PA%v|c&?cH\\5^$<x%9#c}2ssl*nLxK+-A/tfzTtk\\CyZYj)}RDbV7HwR?xNqfKKQ5JPX<_ Tz$^kC{ruG', 'k.R\'jLF2i[PVnQE>on9\'|9Bhc=& -5c>1SbCnJ5g>kf,?P)z,jo_P;$Gw/%_(`I )jD?WyO!^p2nc%\\Y)ei*IbfL!l~$Q1[s/u}lb+J!1cs]@{:[kuYye9`{W-jStt@%Eo^M}qo>4h)w83BHaM\\OQMYQ-RYw;+\\h2O@sDeu)xqF>*}1P[Yv|&NjB&kt6KIY9Bhc?{'),
	(453167133, 'FYk46-Tv}mSl>,IJ[5%T2nMFyQTKxpUa\'\'-gPTG&T)/2IyJ6&uz4F}&PN[:r}-\\Qo47VI@{T?frcP):jS~\'zE)wARGHN]"L1.A5%8aL_?XCcdLg(H7[M/.:|bvQl[wU.l/mj9q[b<AO:kTXYBhDgh1jCE|4{-p?Ak]ERh1O', 'jT60|BF69zms7>HRi;<qyC(0I,};#)TC&Qbr~T`A=U 4_j[?hCf&:_!I9:77G\'\\A4J.T,<mgx^b<+o1]%TXpyM2J+\'Nl6c~s%@ (/F&cn]9sbq;=*!(32+Yy(p^Sr]9 0"i(D4\\z|7dtP;Q&/fXmrO*+P3?9`YLfx//mY`T\\YQcNa\\o^1VY&9\'L[!.f~$F!!J7~9/<jE6qR#CPYfy.i$5w=UM{gvCwd'),
	(461910400, 'qGoZ25{zkth,GI>u(c+.olw]iv4C3">-=K=ZD9Nebo(:\\L5,ESR>`\\o|~fyqT<1xnzK=Ax}C9he\'aPOXvc!o#&LZS&O?pGESyq#jQk\'NIi&q+`Z%D>},{]OC@tc2 54a*wZ>$u!XZ6nYa,,bQ8ai2K2zhHaP,\\~Ni^Z;hpW\']i%x@!a%|-1N1)Ex\\5vyQT/I=?773f05n<,(7N )?DD,%`Q', '6%/n`v4H$|Wp\\1f4y}f}geq-//~`amV{=|U-?\\ff9EPw >o*06y-I{+x~FV;Z],[":UMEaE%4/fF{lTr3i(g&CgU9mO4)oA}$Ux)~%wH(YnGrjYA-Tr\\Y4iUGq}u)U{$K`itHc+=!o,1jz8:Vl;66d<nlh%s:O:jmdPC7_uT)bq(MNC<O!b`?.N\\hRXq q1~)&we/x6EFp#\\F+BvG'),
	(467166377, 'UCpt M{6;Spx$9ZT|u^e"', ' ak~V_@wK-~iA%)@gJ'),
	(471641195, '4-u0/<Z{,(eWV|{{rV)]2N&9sI(,jh\'Azo0|Htjr(ExXtvQ>n*hNQF1"70Y&iu9OIJpz2.${Yw0E\')`ActX4\\iPR^yEq`wCn%i?w|QzxTp^s&#6#elM2dP~CShwbrR?|@?P=0tAkHQZ$0-l/5KpDt~qO|', ']r(FrDz>n((X?vBR9{)odAa0[<,#U1]\\\'cP.LBb^3mvI6{-^tgxJ(%fz7#>ur!wfd_^BC"Rz)\\a_dz1qe^/:lT.Pa:5?ivj *8LTX;RSN:G~^5U@(|^YPzo:H;POU,rJk%83wzyHp!yV4J{L8\'bY[1pCIte#i8K==efgsY+A0f~ mYfoTHxK= B[6P?#41J$8#"Xl_Wd}u6B-"r7>UG9Q"dUq'),
	(472852631, 'Sv`ru&cS(5@a?v^E^Ht0BQU>|V*BMb~}SC\\MLX}NJf6S:L.pWD0/9EogT~_i-`<]&HF*E&".wU$~>t&eU"vJUvKf2i[-=~[hFEq', 'x^~7L;1y<?PL(]umXVAlh7!Q]wY;e!0;|d&VHM'),
	(473591154, 'oPYLOv[m(b&zcJ7y*,AoS>o)(-f"<b p5ElE,ORF>lti(:-O\\', '["En'),
	(476780399, '#>%1SgVH"HBr+q;/BquKf?9@W\\4"e29s+dEIPG[emeaE/mat!Q1wTg8e>LU%#X-^cavze)d#H~Y1ALZP9]5NUBEST"Vc|[C@W~b,[oI%a*($&dz<obhg!>f~kcZdQ#(Nu>', '4iCp$;LD+D`YZm+=)=LtsJB?,<iId4>D;t/Sont"q|\\Mqe9+h}?yXi;Z=U~XhMY>5m?\\rj_j%/+OSKN7mc0Q)|7\\{3&fF!fZhUfg,QRcowpY8:%N,<zfw)Kn,iU&PU54J8y"2=^+\\qcf^r5FIb<80+Ws0H7l#7Qm^12+5<'),
	(497150558, 'qY2r*6i2H:7xgOq9"#f0nPW$:k((:S_5L}XYBuE3NI;uXB#//wG4v8)1p6ri4#=FBmCg6JS=8{N=[<F#>WG]HehbMR]4u\'}uzODuR:(/iLm;Lr[QTb3%6RF,[Ad>g1$~KU.-Za>^G4H"p!;!h/wUh+>8(#Y!96qdzax(Lo~zs*_bT\'zb_xGj}s5+|S 6#Q_t=a`t[l@N4`+OKj-Pm07qO\'>#fNpz', 'cg$8P%22S zh(S]P7=-Y-^JJq7W/+8,$r:S@8F.rv+>62vCe}t%58ZdW9(Y@?SgoIELw0kJx[6m[GFx5t6Od(kC26F5b\\5n}:3b4[~95@Ex<tDU17`K{>RX1Y1l 5%DLZhr5,KA2U\'Hw>JUqgOb\\lw*"&t~@uzI?\'&AoBCtnb2>M+B5XKxh8Pe.'),
	(498412180, 'xQ&D##.NDVHUbO!YEnif,zQ_{lz;RT{Z=fL%/P"`N&i\'arP zxzh@<I!qg_esz>.0xH.DHz?^S-`rf<nV)*v`Fso>G+IdS>TeR"KN)?h@YXzy#v*?"YH-avjGJB', 'e,vwF~I+4WDJbGd@\'z2RNHtxbBE[v~\'W%jA!mlte7d-'),
	(502688819, 'cd.,\'=JIg~/sn&!7=p\\6,[G~p-=bj#&~MHGFvO(z', 'olR6tZrcb\'(~};3Bzk!:ZcAVJiS\'U"N<{Hxj9S\\2-/PACG*`,oyt\'D<`->y|=Z[sc&2EaR Ssf_P=iMv)~+4@33.$2\'BLziq); p%Sk.lcn39(s= @iinQmywQQGfv0lt0[sip-&"{AS`sc9aJdyC|/adJtak+tIP>u$]zN}pE_!wF2=b'),
	(509808518, 'u=x.cFOLSxd|wleYm&@[gXeK`L-\'!bB+u7xLFa0(9mL<S1Tf!:]fFnZt`N[z!qvI3Z]OO0} @8kl@%deH1Kd+AO)FV_%H=1c4o3;*ttAK#V5wfXsCkgr@\\UA2nf-rSR-`"yuK5l&+*EnHF#eRieOTPyf5P!MSzj-`vFHn~WpaSQCZ/=)sHi|=6f&Q#Eo5m1JYq?zUB$.=Uy.kz0)dbM[<J}xtxIQ;<L~', 't`Y+y|3~S@|s_m%c1]o4._b tJ@^Kk$M]WO!_\'~V|*/>$uYm'),
	(520000901, '<?5-+8&ZmSGigQl:FE6w1y&T[u{0Mqa@[.\\Gl.Q3_nK"`\\G:`{o|Bij{r*|_5', '^RFc|a4RIF3vW:G&#BaSF]ZbhPaPi-zaX$CO),_i.t9xslo$1#9:+f7/Vsl_Q8=t{- p"]|szm|B%,mtjf$/=e)2_05L!swC\\|VtsnMD{jc}Pz9{+tH"InOBD}5+b#L>q`\'\\{z!G5q,z51)gwoSO*v=qzA?/\\!Y}:@>r`$|c_R.aqx7k'),
	(526454831, 'u/Z~`ci pK9w+#U\\hn5myBGf~qD,muS$JI!\'IIkR\\}m', 'SaV{6O-AYSidAE7q"~qw,,W/q"sv.g/[14d#8,"f{/7cy(cWQiWkB'),
	(528928674, 'VyM39+Jm}5f@]?7.5j:vBykGzlmJwi}7{\\LI^8GSLp#JGTgBUq <H,', 'w(%GBV!(UhULlxSVv]Q)!^^C~x|. +q^M|6WwJW wfw;X;:N,PLs3yyTWs75vk9co)7f[#A!-e9[nf|HzXikG3Bw^%2_a]_I4Vsj;1qY _V1;-5C[#Jb>_Q>l-evh_PwE%p#z"7MAQ2YT/m~uQDvrw[kXy.<>dAy[ie;z%?Q"DrKx>\\a&?A17qWW\\=,/?Lx}bT}kq)UmrFd=RxdRw?"fxbs,R2iiPE*4yk}7S; a'),
	(529246104, '8YX\'0`@mN}ayM2l!T=p,Lk|.h2 =_LCs65{lT', '%Z> _+(8dRr<u%,4<330*:Zikh!<hXTFCZ~5i\\qrsjAiN9~HTb%JiGB~1`y{ST[NJs^iVag,[p@gXzqo][3jdg{dHHoY2KJZLqFVK\\E\\sdZPOyfrWDMdPL.&|_zvv`qJgC=9^|/Q-9FZmbp|Kf_VRrE`s}~k6:xc]^D=4?\'GN7FrP@Y'),
	(532195681, 'L f32Hq_*Kc/mjq[o/;Aw3<ont7(V&Cl,XT2$m~5XR%Z,UXn$hovMvF|Fs%S(+C/t,?~j^X6?ij\\hx@JMlQO3J]CI!jh"6FU*8[/TU-*e-(*A"1uN|%^-rVj*$X@`cFO]1pdhOkK7aTn@nD:yP\'BWSI0Yk~k\'aI0ub>))f@)=R/Su,>D6', '(&(.&d,1xZ%,bNf/76Pt4#Dr:~}VQd9WN]Nf|iv2c83oR%ZQfO4uMP{|_n=Y^OMP'),
	(532306621, 't[;^KFEk;a!X5<)YZu;ZY|5Ll@#\'2NQOzl-hON#mp\\Nw8y^2VnO1s+1a7I>7r|"wcBNBGfK9C@2`vzAm)C,A`[X3(BsOYzz+y+oz!)[o_]fpJL3@okizV5CFh,.v/(}Jc6B5,Rs0<6v)[2)\'g]^"-`m`JVc8l[caA3q\'X,{rVZWndFkj#o_n~qY>+B;#?DX&HoiX9#!JX)l*R{}`.X<keboZN fH$h =l92\'!MUG4sieD<4JqMdW~6{j%m\'', 'hd2SY|p#djP5&wk1(Iy3,Bd#FTp~&zH:no>C4g)0<=0:S$?^~|OR8Lg6]nfDTE(]\'5Fq:ezE^S7xiw '),
	(533021008, '<~NJ0\'%Av|+8{@+yS*MJKwK^iSCZg_=0Y/N*5^x\\p"7?.:EONe!`0Q[ykzWvO0rr."{7&9@LrOMs@B99]u7/",4t}Ft9Yki0>eULYhJ', ' xB}j:}u&F~?#-'),
	(534948159, 'oarIt/;K(!!|+PM,HuMAv\\xO.UaI7+ tQW\\%JpF@bMx(,fuN0,l_fC9lr#;rX<))b<@XS<nAk', ',o/@dq/EB6RK!b#=XvS:"PeOf`lXEU"4PP%P@-2Y!C7V";PNB:$[|lBoAl"SLWz-4f?]0:NZJ4}+_4 (\\!_*(desL:,[v]|>_M-B^?Y5$g 3kh/)cM\\`W)D..61&*RG1R '),
	(538715267, 'jOD:XdEGbrj.;d1 >MTX_W/(n)~Fl-_h7Hth"#o:`l|XX&Cjr`E/vA@?W{F\'=:\':C.vRJ>(} 6;v2Y$f@P)`+Ct,{)zVS/uX,DD/.pxHO+t\\.R[x<Qr~!-d#)%iLgzJ.*#9=ls{=+*EtIPmavOt%d+SI8\'Su)=<cV5RcLWN1{U}Bs`Ve}FHvfgoRs,F[Z?<DG;02Y+[G9S?>6W+%~Gb]|CmBOs&z6SUY.f1\\$W6', 'Gl\\[+9|!#u}Kc@Nkmaehl{L,{=W"#!yYvnZc&2r;pJTX\\v[Qa[*Q"$]'),
	(549089141, 'TXmgDFKZMr>i"dNLu\\\\W(-~a]H6~0i5AH7=c<ywaK`88>7NX->t]GsX}pR(vX9J}\\L(E:&Tq8L?v~C+o{dj\\%By`X7{yA.t,Y5Fu3!{)0Wga7yueF', 'EhEE?6Xq_wvRQUP?\\#K\\`qifCh8phi;}vy?@~Uj{[pe[e}=F=<z=(!szcP:)"F3Zah9. $DPuz;b7\'cu)v*#NwYUtNRfD"OL4S.@DNqi4_(*7K3+kiqB\'C<9bN:xx{;~*;G }/z?uX[;7b#0BP^JvZX\'TMjt.SKK.f"pWlb+{XJg2?5 tHM |BC>P\\?vy \\~7<K)oX@D"`\'(FoRCXUk>*hl^:B4DSU7PI(bY>/JcC((zX\\Rtq[Z'),
	(551238941, 'z/E:3kX%h', '}a>R1..A|`t\'V*z^DGn>q">fPriv?IWt*\'c59A&V>@[`7 )-},25-JynYqUAQ}t$uH62iDD}n[w,]v1T8?SXL3_\\0O61nt$YG|L1w*o'),
	(551314131, 'e~;"vlkqo`?H-oqF>!Icl=%*2L*#YQuH~J_Xk)5O6{$o30BrQ{g~uK6?/Riv;\'b3Eu]0s4ju+9SZX]+e9GH"Zz?0]17<j_S9G`7iX1}N)F:|iJRo,&7Z?SM7&@Q|8~', 'B3>PMi|(Ust6b(67@=k \\lxX~|[\'9h1gUQVOKZR/3A{x2l+3f]aQ$2jA'),
	(556469237, 'x4~aL;4%n"|j.~pE\'8})c +hv<q.M7Gmx_Go:"D:k.{5k(\'Js0O>\'w]R"WFQ~EQqCb_{xg7m1_f\\?so\\n-y?Op^"h8BGAp{RY|IB7Ftn', ']{/tr)au}jQ>8xrf:{nxH.jg{T!TO6yCKy/Y^49sBa|A4*1n{&{+'),
	(559656778, 'D%Xz{MUZBK%-ZEZh45M(xy{]iX`]JJ"/Ys\\)"#bIJR@hYZI,sXVUAK)tFvDg&Dck', 'bP[wDsrEqLER{3cobV|<u>)SBe|,`xh`b}cBIM*!i~3*Ji+(t5Bu4@3h4},Q.]1"y9hCc%A/!J+v1bP4Kc$V#\'/e/Ei{hOerE"O>FClkc:q;L6QBR`Y*W\\z17.8 YrSvtCst>Gbx@vsMb@@:/4s[hATxxF^ vj>H0s+(wA;`ncGNK`]8;q~Q)g|s'),
	(560532331, '.q8{!tM-FosVe', '< i6c)TYkbj>l:;mAngnYiQPtlZ-UDx>q[?7t_7^0jkJ9ma$>[A}jr%FKyyBf7>%Yt\\VdTkWt5y+QjqNruMi<b7^rt'),
	(566209026, '?abJt7X_:vA0n9\\A8-N1+\'~4woKCLf01k1kNf`jJiEcMwu,VnTEv2ybl.%(ON>D8RV"^9TV<#Y,)^`"{(XUUoKSEfV&Pn&RECH-~N', '6|[_"M{Uz\'^jJl8yw6h282=Q)E7cm:8^fc]T88&-gL7"M%Int(sZ X\'nk).ia\'69i9n0,ES]Ke[Z~Q7a64?F*'),
	(566297279, '&zIpndmO*(=.feK\'u$~t]z2$V%z-XJp\'!uAIC<.NsU~jCCV3 XL{0t*wLA2,Tj2]6&_i3vbR8\\^up$x#:@T^&fe?(;d,Zt\\,Da{W:4(g2~|t@QePrjxC[fcIXN*w"r,9TyVFaUNpSevG_g3`8=&=6r5| %2X`$at0~XZ`"W&$HcO<wZ[A=4OMi|9:S)X(z;r)xtG', 'BU<>)pO?F3SJ)Am#m-15y3_J>|1Ul(n#$,yu6)&Oj8`4|7yg\'K4Ub,uT\'gu2[XcW6R!1hM51p&Ef,IGZ>.DvfmdrAb+ @Vg&mN)N&:<GWz(Lk3Ue#}?fGFqLNs&FsxLGA:B~|%xq/499&[WBD38LSBE)"A!1\'D2'),
	(570391707, '+0f"\\-(xE>6$Dp{L{uJ2OW;d:I~[{v\\f3~!(wsScJIH9_n-cWK7V33hnXT$&A\'YZ\'WCsGLMprG=lDP^NB-%9jJc.?7V\\}HKe:U=e/$zFG |kfoTv1.E_LH%2>ZF: ZrAO7mU*47kO-KP@b[u$H7cGb}j%zB$|9:TV`Iq(~zh2{s', '1xL3*Y0x\\:z%^g<$myv9LW3bmuuB0m?L]?FH^ 3J%[aNtc\'Ms.d7=F_dwp1~j8xWP\\Tz,a'),
	(577578813, 'iIzJ\'ALs~P4fo~ptogpJ/6{Hiv!1(8+4{\'-GT|^rjVwQkhSZJ}tYdLJnc`V;GhIB[K/,Yk3f=`l >)o*qUG2Nw2$:v\'Bckp,M*|9}FQC;BxDXm0J`EJ7{!Uco=F^_cL%Pq1bKNEY6 OP><r+jh`}^29AQEV/OH', '*~t"Okm 2Fip{dR,&=6Eo*#KM5QgRxK>dJbE|k5xrocK~Q$(c_fUJs.[SYs6-3t9i_+lW8\\*?=^yY~|evRQ'),
	(579497887, '\'V2r`azDx$$r', 'X8G@rD)oB]KJhT9\'|iKo/ ^d.fjb{SL7>0KP:^9SO:QFnq'),
	(580050714, '6{4>+KLwQNb9=af<C:q#]]!#Xr|\'L >Jd`DtV{h+evgNC( .6v2vCkOIh50f}DT{T$4j_V48QINb>^~q]t)j"3<lT]:g+>p8RIC_UNc.ipZlVz=vz9ba`[/3.A6/|`Io$&|LfU?YH;jNG^<<%}WzgN"cjzxhLM6c")UB$8CKR=Z1wY}VLrj,|o"Fk', '2-CquG"T.mZd?T3q_*!i)f6^l&GCQEV/o\\8+e}-A6TwbugZ8M6J9(D!yWrKH$lYxWBRak~%<dSjX}y$5O=j@&U$7Qun|BhIv-1J-nQ$(}$?L`'),
	(584178621, 'hAIa\'//>B_WSNVf%<f.tp|ZB~&+D9~FVX_OG=_$<Lw@0C.E1u_', 'Q%d;Fd[{d\\/5$&0(s[>[85?A=<1W5K3{aH"8z{Y#vx(jrr%YyaId7=+)?E/0GP}IWFy>k"D]Ghl[hwr)`4AU;.A58;1'),
	(589330323, 'i c&+d6Z0~4qM]`,K`&X<rw}}[s:"mQ8"MS`:T-gi\'a&NS4*u<!3w1Y6glidG.C#|L=fTRWMog', 'nQp.{#p*8Fmn|\'S,].z,(7\'xj#|N;)\\Gtc#<UUi#)jk+nSTo@&0{1.\\CI3,SLL#wW$&b)pfQ-N*n:o6:_p7=JY^XDw62/zxTmK=c*u\\8q>b YnaC\'*"u>1qWGJJ^>d%7&eZvH@R mNLRyNfSX@pbT(.>DItwd\'lHFS:'),
	(591655643, 'XAH6qh<${ZA4l\'iyyco_U,vR}X)6#`OQbU!pmI50m$rZ_We[^13~UydO<.gD>#4l+GCtewa3#b\'R>pPT=n-\\_h1kj>7`0Tv\'qud;Y3{=t^hfz]Cw54qV\'RI~gR*_geMa(^iTAdV}72d\'+d@fsY(?u_s!.Hu|S!Wo*(ihkA<\'[kgJkf5r', '~(%."1+Wn/>Lo_QB8NVXH3e1/ar?@W|$$ZIaw;q9iPNmSvWGz17BfYIf0BEK,eV5.{h>+G-(RP?;J9c~\\^WTR) ey\\2>\\h~LDvsbp"1TRlj{oLC|Q3 RPRW7gCMJBSEzRj6DhpUnI~t<w w@L]KUl"\\ *LVfgai")Gpn~t.a(fd.s,N8(>Qj"{{CdnpP4Wy,8,;C,H.XTcLkor\'}`\'=66 aBO@iK*ETswlh72|'),
	(593050455, '4}w![ZVE[Ro+"VvXL;j#r H]=, Rl0Rzn~}bEGka%);}@KOp-rEXBRAFef_,R@/}qh@Y;kZeM!UerW.NLmRSMWmD8hd@p <W|Z#uLItO5t4"D\\Z7>G-KK2DC2T@ =y3|j?E%f6I\'$?VDi~1DMLH50Z^64INk^]_}f/ uU;+[\'se+\'f^iZ/q(-;8wG`v2g;~ 5ldV~vmAp"THN_', 'o:10XPskH9O&SXi!"ME^SiVEW95]9>8$Yy_C\\\'4xsZ\'6~>`$W]U4Z9 ia\\rGM$c.]w0dG:C=HcSHQ5={nj?!u'),
	(593790498, 'Ycibd|Ct8".5(-{\'1z9C6Uk&y8g<j]iPG^V\\pct?#t8\\a&[`;8xA]\\,rUu1s?/5F8Fab7 5&<3d|UEW', 'tDF\'FC>BT)r#898cVV)\'j[-'),
	(594335523, 'aL~6|o R(}VqYv)4ao{AU,idxq\\%HMaWfqWt{WfUE!', 'JZrS\'},(EIM})JeE.[xt2)w2zdf^{o)N,.c&ngG#lT+! O/vpS`Iz"q0*%@6~"0X#<t;?pgHU2>M?$b8>L.n0I%v-3AddetCv\':\'nfCte#;go/W!?Y4nMr+jsic)$nVv%'),
	(600770536, 'JRg7R;h\'0].QYxr/F6F}GuK4`VaxWzs@-ZOZ(NYV6vB\\36opHViu: DJNDT+9Xq&mtFv.\\5HHWuE*W[Em1bIRgOj[u\'DnE*Z)poH&q4}EJGIGm9I_{MJFRb#~!', '`|1cn\'8P)E?8~k ESv;FQT$dJ;hxDLC9**?@H:.MOu3)Z2U-]*r6&MqFXlr6IoF#x>c7#`n)qSbVC,.kl2wVEt&k^i>g/s;dQGc7/eq&!N~W1)X>5\'Chcc]P\'3U_w;}zEu6i5>%GN*@,CSNQ8CZh+=jMv=(9'),
	(605595022, ']:Tgi_TKUKV5tFuWbIDr\\@w*oKxKYe:0YBm%i%=~*afs"\\!\'s@^;}h|G&elk-Kwq$ZN0Ak=H6@h[UbSk<mkyxE\'j\\s6q4GBr1D/?K)RtQe&}$d|]="MT~/^d"iNI_/=7".)7^&Bktl=P)4', ';):&C8rY$\'z&@F_KkHR:1$b^mU.=jI(@-` ].C17jyU^FI9J$%:BuBsgu- *Co]$Guk .YcD;*G.JoerAH=g`qEE6O7{s/U4%GBY1fv7+Dz\\@f07jr_Q=Fvl=tD>vBy*jeV]S4/S-w8H{E+*4SPK+I}_ppVm*K5z)0H $|cFM1% 0)Ns9J1%x|&)q9Y>)R;v8t&<"'),
	(606440020, 'tU|LZ"C91CMYIU[\'gVwayT.H@y un+]qS$>#dkbUs1.k ` \\tD^EMlxnwU9znOCofZS;yow7"^0D|\'E{U>H?;?Y3A&ou/%L(OY6]?pLlrB(V?+A8Y~,A`|6BN =.m vu E)zw<Vo??&', 'QDi@\'!ghr?f7qJs!1o!/^@uF`J>*&.n-Jhrb5"A3\'krvbz=b.=FH&qN\\S:[OFu`GKB3IO`%gKM1VzZz;%I$r#Aj\\BW2%F1N(BY\\>V])o)=&X:&ch`O6>V6kl tZyk*'),
	(610190055, 'vDUfK8Xw,9Wbp }N%?8l)?.#-d^h$<m9" gyySGcZe)eS}Y|hdZ>t?jLQ:CdQDa?t/L/;1#b6Bzgkz9=.^pL<q:B|,3L9S=in:3bFUo_4,', 'm@SQ43&lKk/8i.LOfC#8C!5c1p=3K.}Cp(\'L~n;\\pPbEo,KG+$l\\LT>~Xk4T~%jcV&[cRm+fO0,AhA1q}]M$|HBA3&;=;?B'),
	(618675940, '[s:FjOj^7@|Ql~T 4NL|;4Wi.1;gPx~Kn|:uJ>4;9E@!Q\\#lYDJC/w*|kh~[+_[z(eG~_cG;FN0*Q&<iFr =arfoK\'RY!BrLFL*.\\}hi-C)</K\'"y}B1j };cD%t"WB_{Qp5M1F \\=?}96K:hmkk=!1HoJ?UI-*p-34K<.BDk)\\H(+mvZM_?(BQLnT^Y~+H{UtrM,LLK2!ClA\'uyJ&HCs9|hAQzrvtyX yP>|NDt*tN04@g!FdVuGdC', 'm^_*l%\\|Mh|Ei@XRT#NN?GhIpVe7CMC=<ls}lPlz1e-OJvG>2<LWg&],?kT1C%L}Y=3"JE\'$R:|onq DI$)2"?JaZUlq gyh6$q]g-EF-oP~fY>yE.[y,OQ?^%=jkZ{fDE\\00G%mnprzz>1Fq~t@P-Vu[N}t7LM)z8tn[/^bWk8&/|3;@O;k$([uu(lNjs;2T#W`NY.,_,z*#9q7$&lW('),
	(620061661, 'e\\==@`w5-M9h:(!%uC#TiX@s?}<[3wa`]P`)LTzU96J#,/H,1Bv*PJ^rF46"y.r/He}i$Ox<p8"c$ty)x]3I3w:P@fHO<d?yo#Br(Z_I.le<}$uZlF,F^t|Q% E_f},-xQV,`\'Et6~I"L"Vkd+R)`<uT67qp<n5@~W$Or+bTue-nPi\'2rZsn)3Y4=W[\'NhIY[zo)h&V:dk ?\\mJ', 'b#<%ic#(Owa)?pNE\\b[<L?Fo$g=rt9Z1zrUPU Oai ->Ge~`-5g\\(D|~}!PMolB.Xv\'&@AfMrG7vj]KpP61qjiIIEo/vTcG-s=sq *pt;UFb"F:gDjUxa.Anx9|X\\mBz@P^/Mb@=>_,58Bfb]7* |6_h~4ma1R_sf>gP^Z)%}k*f\'P!KM?gKnkdlfE`"psd_-o*XPKFI(n/3\\B14=%!nJ'),
	(625677612, 'QF ', 'XQurDG{/Atmo7 hsQXZ Kdl6?0~8|wn-DuIOCs%'),
	(628964956, 'D4i1=#(IL^3;`PMY($AYjF:\'nSnd$hh0w^2>.vu|}Jh*D{R3He_7e:paa?:8i#2B=Mr]Fs3pq.`|FS2WTX3Rf_ySmlvTjUdMX/+$6*]hK%?.x_EkV[j K+.uJOB<RrysMbk88!6\'DM1:-Pt#??n,{IB`!!FYE9:&F[BuR;;gGh', 'H-";\\Ag?4jbnJ/xp|bo}dNzpQUuKHT6b!~u~&sGqPx6)CgpX9hH.ZV6qS?$dB~:^se[7xnCU*o]\'>lD[jm\\a`3SX896CK-8I6=I.~p2/!Gm|fY2~0%o?~ZIkr52&9YWqc^@W.:||-~rAhWvqO]/]if"nMS|f|0]p:_*;G0<q9F3&,F3F3aR#B6vX&!ncErtHA/:n'),
	(629959930, '~0S<.k;:)I*xIvJT-~I>u8]}^9H6wx6n&JR!]%<`c]93Bw< 1TY=9a]Y|^\'^U^x:J#n/e(.E&g>E:VV`$d}Le!T|06Z.s,#$\'~Z KS!Sca~Q"B^v566E6KAL%G~rC1QLL8Q"5c595pz>7x\\QhgK~(s:OQ!*_Ah)EcaY eSBf:{o>I\'=s;l3EwkdMQ4m5|}.0N G{"Y/+]15mtc1n"nN!a@;p*Zxy3\'k`#oy', 'M+YZ,#^pgvIhg,hT^>l$E13"pKm<1bY<jzqH_JZ6}r XowzyK-:TV;B'),
	(630333892, 'OA-AAdy(dyG;H(<|?K`7@.?7JGy%k,lr=}DW@<b-]Q<W@lUYm8? h_3Dc})vicc-Qt*~/_`[B>tYU<sdThY@NU2&ugk61tn>^yZP8Jqp@/5m4T-)FZX,c)IM[$V1[&ykE$<G#"&;jFtRsoU2GMNZS<xs/dVi/s3T^+ZHpUzRWt$!Vb_&r#QI%yMaR-Nz<8$7T)*Y~||@A~K', 'kwAI3{#\\>VcOH2[Q~C90FyFKhzJXC[JYMVk_)|J\\<R*}79p1__{7dX3o@xO>`/w\\!}QhGk66xt{!)<XU2sX$5$:~w.(`zT'),
	(631948867, 'Hk|GawzymuVM`VSq!Ti[an|)<O6wcP%\\U(K]{3~[vKf\'&"a`xU0^h@"@GzkK674$^L_yzk=5IX2%)/YoCl:[QQ:.|Wi#?k|q5<n={,LQewADrBO<DQVkf#L~]XZ\\=OEIE./kc[o-:f-UDIo>`,SSUO%/7t7nA', 'rKynxT:ZPRb( bO_CO[7c:RN=gd),fR$ w<9Fk/EC|j'),
	(648429234, '8b{(NK&(DpYb=F# "w4E;\'Js!x|p.9N\\+{*s0 (o2]~sg"5uN))F*gwLJM_mQu2k[+:x[Xa7+.2j8(6i0iRJL *T+$3vq26\\b5g{>)%[Vbv9|aBP<L!CO#kKO1:qe=7hBihLXP(', 'QV9KCT,}1*~m4-K VA}^!$(pdYLcY|A\'Ruse7$5*4}r-Gm=RytxXwnmRx} b?i0@ddlge/Ukpl~Qh\\7uj!+2~fbN9TK6V@Qyl{TG9V7}[]asdBqNpq%8)N1H%>qq}5+i\'J\'v]TYZ0~3sXsJ1JI`oIJz"bf3t!.B5Eska|!._1dh}Q4"FP]C9QZq#`ZHG|{B44pVKbUY*I&'),
	(659493577, 'GF2J.JHiMVN=pqmoaEn?e$\'KI:Oa"h`geuSl"GgQ}k`|2&{%d;di,g*_K_d7g#-(XdN!N#n]DTn$KWy<{h2Cqj#IJs)T<xhN\'-ox5]fHJV!kLC&{gEN5g/:\\1ctp@qvc;ShDcGdpK25}>g;[Jn5CGdBp{O9srQZ`@Bp-/@*W6<>kBC0)GlIm1+|CY2<k)~RUB)%wU6H$)B%s32{D$+RO1px2H<w5T^ycNCiE`i==rJ\'@fRPa', '`>?>43 9x~8~4j`upd2!HS0v1ve+~?GxH~/5Du2Oe5HJd]5f;%vtO$,(j}&gSV1"F-l@=9s~|8b4Sf>6P<&>-tEi#[l>K"lNgg!om`q-MXQqBx+UHD/.=:rt;$pjA);j]1P`P_[p\\]k45b |"[\\zlU-nQ?W@0trDD1{UruFRKapCL3S`Dds\'75TQ5LmM/\'{k'),
	(660016525, 'w-P-j', '*d?\'|BC$/X2yT+vlM*Dp;hp~Lx'),
	(674591887, '$xs0-xL-~S-YxG-!E#L:Oi*T1.hoXzCY2Z^Zz4UHGYvXXr/Du$kNc^_(-b[;, vh%)@%=+@}W8\'#xqN`d2u%#GHJ7>Q?cp76vT,JCAc<:?6iXJsJ$D]+Ksm\\}?IdTFEsE( VK?,I2+6 pv&@MJ\\[(Ui9fOXVNlAZTke% /S!tE55[fo(~28@5_iQj&R:"D/Mlam>Y`F:p?V:MX{N|D]t7+j.9b~Z:^pR}gR^}Dc!FXz>ZD8F1cdbeT<N7S$^$', 'L{<ww/!Q|Xo=:qt1Qljp/"@:?K`0}lcM+ A\'lgb 1|7"gch:Xd>FG|x?ERD[DlA*r},&g24Mt`bhm!B0?:ey`KLKRl\'G&b]Yn'),
	(681377708, '/?W{E\'98o6JJ5My`3a{sT\\"W]6[XK4 gP;E]:1h532sU=&.-z<h^;@m~K*[s]sFT?Pz5\\I#=B"Yc62+NT4NxuHL\\$ V1",ddl48+Dp\'u&#|z5ECch`1<;jFzS}ZQU-]$j.u[ve6~?QEhJ|8v&IL:mYA#:)z</oaLrV#y', '\\.;@mC}%}yA]gT'),
	(687847787, '(VtzzmGV\'2Mw+zN,=e$SO;^Vf[agkE<?!4gg>S0(8pN8ESKINng-6<^rR0i8K7e(W1"c+V2Z6p,?>6:e.}lS', 'o4`:<tOO9R;R.LR74Ff56}w2D.qu~N K`_OiuuU^$ HiMBNK6"B+7]ta?$OI@W@~(X-M(]W%+9oB:PKJqQcI?d1v>_,\\'),
	(697028268, '61b&MqE?4 }a/Bde7Pe7x}R{ij4|J?m>f}+R&Gw$PFbgS&$/gO9xM4/e!&t^_D0i4PU<', '/Dfq#Rv#h?N/%%mM_usqUEfy;cvyY/Fde'),
	(702411889, '.c56_<1>Cw4g3<BTF)V/{{v$: A&e3 (B6/I|CD6;hj^"0zWyi@C?y~]Jm .h2|<93Bz{Lj@Du1GnNdxOLs|{est>WRg:+2gt_@;W6}Y}yo(<a+oZgIz0tf\\Q5l/+&L8i4RH&_76KWVby!j7?i+hW=Hv]c)[tyeC~#6ju$O[2X[5|RJi57w;$5F}B*(A|M$>,v]6n#9EVmXWG.!kEOgud0k=;SnMO9]&8/r*rVf@ 0M_"YP>HEEE}"', 'S+6f+B`s6 ds2<zhMx``<AJ++JEQ"P LSRMb?8{51M\'Scali!jF|8b&.]\'SbQ6Z2C4\\v-Y-?|@?[Bo%vC!PR<,b&$L'),
	(705621618, ':LRXZ:oOfEB2z30>b', '&Y>%?K?}RT")70F:u!m**ck/78rB+-JZxr),!.W7pwjhN}0qI(M>DFmXW}8ja`of7D8n?fn{v^U)r;?0x2E0r#}|XsS{3{r["^6d*a9Wx14_&q_Y.M/(MW%KzcN!4#\\(8{>Ur~dLV,ta|N%xkr6YpSC)kS0eI{<@sBW3o.SrxJ\'}_ L<Q!qG<xpnc_~Pom*~i^}`x/bxV<Z#J6w8yC'),
	(706147162, 'XnKGz\\o/JUMv_fEt-[_bw|r<c\'LS.zQEO\'E?\\gK7Q8l%/>Yk{[Rm|CJU0#8m/zWRh:gV4P,$5[y"|Nwic%apnXLd2yTb@No@vE.]\'25b1$RWgvJ_IW8aiP/2]X9\' Q}`"7_?wg:C$965}B{mieiOH[xDQ28', ';.GtkVo]jg&5WH[9|h}(xw7`h(Eeo>?b1[5qJ~]t%FTLZ$5fr1crbN.v$a@ad{7SM?5{n#R\\GWt;%&SM[o"&J[E.uqmdCLd(lkx+?\'DbujKxuk $$%U\'*I@Y7^"=&ZH%\\`RgyIS2p-nZ3x!mg@Zo5wmgCkF'),
	(707075551, 'eoZtp;c j{`,|e+11d}|8 P,(@oSl$s/A%@j-]({1K%4~qH;BXt|KE,u\'!u0vg,q5S;[=*`)FmBf7+0;>l\\yBM")rxs1O;Nbh0Dw<', 'cV^t/DFdb`vN:&6HIyst5Z?3$zgo>"1D},!{9+h$@$Cf^@L+/3B0\\tf7t~D@U)2Ki(J'),
	(709981114, 'v"k02]kz?S7"|r{+EB9=g3S127|IJt*)8NcaO1xn(N&Hp~%7!~eC*(E58i1p1oMbOx)5\'W.pShe;+M{7O1wlH{J6*b%!bj30M{l=DSfw+q[t!r3764+Q&)rDI|3@uUI[[%)e2B5|=_\'8Yn$p27)`fE~q$w2}O1"axWdQ]#<zcMD3h0H1uB&dMCGql:Ru$iQO|mq!0.ul|', 'i;3q vMQa@]5sX^0`ixZ1cvt.jT},Po.IpN~.1ZU\'OxiB<]($\'B,|OMra_uE?%+SQ}|lv`X6mG@L$4qy"$BrTS}_#j[w Jc|,Ur_$Z8.vY6G=ZM"x_mQ:%>+/OOgubW^<42*#`#qpl:Adhi #dEy5hzzTMZ`yqk6%?nj$)yfU%L^\'{({We\\)0sxg)YC.8zLd@\'HNz\\T+I]-BAPnBf|s+W/s#.&R:2&lQ&DP0>Q$0;+z,ffN$_S='),
	(712627018, '15NmWFMvcgFLJp_&+uj^+zLj', 'd\\,]MYM@]A@Z:R#xI[||3N0(g,[*hHk`6-H?4[O 4jqT:;(Qu:MCEl0e5rtJVrnP-[X.hL:]X##Wk[ei}I^rwz1S24~eq!<16rwOKWJ<Cml9tYa%v*xQG}oYGshwc;`q_ZLWe-/X~<CJ4M]o;9P2^_<VT~'),
	(713704130, '*}r\'f$$o_q)kfGj1OV@7E"b*7) /w\'Ki+ON%_dqnpb0.Lly&xu0<<A~.6I x=H6Cx:w1)cIQY*2~@T:ftt,<bYUW5#v6\'#0x"2:Q3:|/.L|hGD?;`>&zvs`0y~#v45`i~M_s}o?S:$j.)apl\\Emc+D@3c:+##w@9Mh+r:w*{>!@,+LhE6`-k>O5NHf@{0e{i3&\\og4Y65JlyR', '73{.g4@cdAU.B=ZqTa~n0wtSj`Q:m(ce\\BI0@bn^wZ1-;|\\1;Gen[} qA,;AJ?DJO#>MRk9.Z]v9_(s4ZBB9qb79c|2F6cX*WEC'),
	(716623896, '&{(Vy %d2*K%@},<u01:[y:4E@ ##9 |~/WyNdpLS[h|2>S!Z96O"4X"XBH}f\\\'&N0g+v{kaX70\\omf_~l%Z*0qsm1BC\'Y,eA=*v*V~,{:3z^g !l{TM*HwMBfMvT|}Km.Jh1FVx0m1{ew2e86y[NWeuQh8L?$"YWUwhI?i[de9pp[gE#Ai2t9=ZNg$$>]7Gl_~\\A5u*&\\JxPd`I7>y}/-fMLz}j)(1%\'', 'Lf^!@aZwS`tRV2NE^ICp4fUD%|{8}SJeL(7XU\'bf3buvYwk*K[j&|%sp\'#wNAlJ8K?6v)A^ ud,7Rd[959oOAIJs`R_`V`!X2gyvW}eGx]tH_Zyy,e5oh>6m?0Y6PpV3m:sTbq-GHO2qyO+Jd llaQ4d?lp%[w~kfMim63%5BIeKl/!Eod].b58KjF2VxEX@gVSc#cYnOix_A=w\\_0#[J$'),
	(725869038, 'HE01R N_nXD5dG%T6@6TZsz\\3!dPq.K>}lH3yM dE#,]yOR\'~$>|`]P<T\\Ce".uIw+^5aSpE%pFt0n:VPDHl/&.[//X0,cd76o-{><H)d pQ"tga~^y<-yjFq+s_\'kYTkUqa|fXP\\\'<)5ZCqJ<y4;zdbk^v!rh3w8%N.?h_UC=k3R;O:cv3opbioKWW%VA)^.6F\\a,FKnVWJoYKuK23x[]/E_@ _Abns', ',bzvR#_6D*G%]OJ1!-l"/Y6U!KbH>uG@w.EFP5y-t"h4rqH4Dt<#O6LZ@K%*-gvkx8k4Q*8Ju2,H.b&cI$e3l_M[`bZjLjg|[3Owu8vAo^/pd0G\\Lwz]*ywc"*>w~C\'PZuCbtbGEk`Se7A7mtN@)@Vd?#i(%klnt]xj;YwVJLe|Hf9*s9Mjn>R#: "slBA`GXZZ#%qJb6'),
	(739679641, '\'-/I[>fskT% \\5Nw:CyWb b:$%>fkc=fG\'#ABe1<VBY(a]Kkh(!f:EGCKf58Hkuc_T&be;G\':-n|g*[:JZB?^dP9(ohc~L(bD,V}Pg_8C0Wn~<`g[>6U6t#&y0Lh#>,z,N8[5e=Ts?\\7n3|kZ_<Y3a3YP0kMB8{uMC6!3]qD<&Y<y-O4f2XVOb>Hmn&E$P*1 Y', 'NQhzt_H!N<gq~BQVRn@rfFbQQG]j_?(G@!.EvQ =m+#??o>$O_qLO?y7;\'TmD\'kjm;e*|y~i_s:n\\RB6J8?q?/::YvKaWrlg+e60>N/Zy@,sPrPi<Y_xW~!Nn#uOeB5CFK6lu:pwzQS`g5`\\yMXe=G"`frh"M6<*iD,ABt{aObm%D$s53G_H7SjP[&7]a.<j:1-=$L"ikHTLYi0>sc:@p!>U0TtGInX[y;==!^)ySPd#pqf)aK]v:|8;USS }|'),
	(741534556, '`tIS}xH"dYREP%J Uod3LE:&L9@.DP&xcTNZDvM/7Ep%MFq~+obHdXcqeQD.#PP@u!{]"/phg59NI7jBIt6 Tw`zV"QVAV/2[]QEKcUG~<TnzuS$ pRA}k,OZ6m +*|f~>GK^p~?ykR[WF:(#*EkLsB:^XCG+>iBmIMB%.oBgv+jkWydHV0Sw,}eeUD1&-/YWs*PVI+"ks;[$!@9j]madhxv$Z-&[<[+P', '<1Qm2I]x,qd%)5H8p5`8LR#'),
	(759249734, '?tG; lfl/{F-|XBrAQooYVs', 'Q.hHN+jMLYb!d9Q3q5VOI^&V1pJCc!E-\'B,Tl0Z2{gO8]c)xuhh b*;dv&E^\'M>IO&!K#pXkO2~5`&|l8ksU..v90[a.x?E?Fkx$XU[+*GS-m\\UGe_SWes>GsVS@R?9'),
	(767185367, ':J67 9=Xi!9#Dx4qsv`<%|)Aw\\z~Y>`%JXdw078gR1Xkdc6&Pn WqJq_Ef134zqreQ,PJ2;R-V_Y_6?<?AXGYU3%aAo`.<-mP}c,`7Hq^88(a[K0v5V>4jw6l::2aX!\'$5|1BdbgO9raBb\'we^@+9lj *9]A4fHGPwaIZ/-:NWi`G}2?,=S~zPY7C#sX<Ct/y3uz5', 'm[o-"-eb;kB:*H+}1vg7\\0ZmE5<_v.X(k#/mH"<iC6V-667QB$jPB2!(M)F?;ij^0nIKU&;o~4kuCVJ'),
	(768708193, '\'!:KS84HyP?4 {VF0Xf3QBZ75.snRf\'$,?\\ROQb^[]+K4p%T2J{y/DoF3d/j|XhT2,T?u*!7&IdGF^9gP4V&f&8/?pO\'biu.}ux;;Q$M%damYGa8rHb~_=m-/0D/BMj5geW;JV=nDF @Z|x&Q3>UYC*26EfKDdqo8<1_HI|~uP!]} ho59@)NmCA/;r>|?biho?4UXorH(K<%"\'{8tQCSSMrRfJ%\'}#Q&/N0HpASm<LqvAwRIwRX5', 'y1z`T{H1d8L_#6tBX>zCVmF.M>%myJ9(wz%+_7O7hsk@3T%W;bcZa[/H&myV2$a@4"M/\\\'V?<{Cf.e>?mE F*`V}/5Kj\\|fh7Lu}dX]H[n%}wm>d/<f5T?kLAJI\\N8{t*R|oUsQ>/K4jI?}3~SqY(vfAE&:rtD-WP`F%2{f`KTeIO4OVWH=/2^)y0Eqlo;B$lWu$"p\\'),
	(769916788, '=M4A$iJ26h@yz>P[C\\%R2!95KQu\'8SoKR-{`sqn>t3LPd08=k8e;f\'tw*L:@HWocZQJ/nAO|6^.\\Ezlu%[*ia-dC*m5xl92:#FDi`^8FOUUY20WrLg4E%f309$z?X}feMUWu4ub#XuLUkY@CV`,~o.[%*', '8tJG\\8nmv<+ 9G-01U?:/0)M"izF%srZQqMKDc0'),
	(773877196, '1QP=|B/4%AL6^\'+a_NaJj]=u4J=2oV ?OL1g~q$K\\@mx\\"&4`0U\'K=0&xC-fZjn_5SPiN],\'pUx+FP>MG_O)&iaSKWu6r(e<vgMb m\\Y?[\\=>Y+, !S",!OziH2*`4+bi\\^hPb.6x-oB_-Wz:f=:Z5XT\':b3#Z9Mh93&MuUnbcOVbfXujx|0yw98iP3eyS6DO2o\\k<\'nt|cYZiu"h.<v~n0ZLPS<=~x=@QqAm 8BzXVOUC&T-P]W(', '7l{b]v!f\'<?n.~@J{1S6>c]KNnWXv.!]k^:OQ{u@7R4717\\9GcRW7\'w_FAHSZP EI\\Z@76f&m<JG}`FG-z|?cnGLpie}nGg!+pEb|t:!!\'0L0gm\'~Y-20V\'$co8(3QEY*$5#zP3~sK8&zlNd0}Qv.>pBbNKQ|CQP![zpN#0[:09G\'(N&2$h48NV/@iNMzE1@hYXZ}li8v)K1vd@+uEgr0p(y!t6]Sws{Z^CtvVT">9lXDd",K9V^]V/{u1'),
	(773908008, 'xmo\'M(?^.gN8MuJ7bUG:`DvPk>/vU\'?HK\'9&{2sts>IeSr<*GJ|F$H@ZX<]%@dLlkqilAPr"ir_{a l;$YAi3=7I"b\\a:$m "~J2}#*R~MV/}}6Q/:Wo?9crLh/A"ha{bYdgBiO7[!@e1!IIlz~dmUw35M(ez%}Om&A_6f Ge+!0gjoUHE9-4N-,WY*`+].@o!IeR|a]=1I.rSJ=|ZGN?>', 'bi`h0<j8(^CCFCQ_{>C<ME!q{nwfk.D$E}}C@|2w7]<vi*J-i`Y*&wM5emrwbq}]%AX+H>/@1Z6,W;pGs6W4"c`;b68yRoL(y{@"o5L;2ouI3\\koLmhjUhxDnn3*5b3 ^rkv+8E-J 7R]*Hp*1Bl$h"D~j$%B6S-8$?J{cin~>QOVrq{k\'E+|('),
	(774089143, 'y=wYOiva <7qK"S[tH|oX#_Z&=J!<zEk(M9<Hw[=$hC>p_uX\\R/&Or<ofb`m$=GqZYpA&zE4[anTld}bRu<4R)f\'A&!8E]43ix13v46E.)* x}8-#fk*8Gi-;/YyhtgYg+#Y(42{M|Qyy deQd<xrc3u>cC=`]REW=K[Dd?%j8)Ld}qp4wf/4$p=XA}[p7UL4\'g_2]dzan]P9r`H9x=[jgSG', 'ct}(eA@MNNNW-Jz2Qflf;f chKLb;+=LA<;Em{&) O-6T[K^-e{HU%aJrv0dCJ4?k1<qzx<aXv!OIC{sHdDhf51<2\\T7uGC|P:Xe9?8g]&n@Sm!!(W==U<e{(vd?|v,Px(VGZgga!Z\\Cm+8YizlkMr1"F6/_upxJIuKJR<0j J'),
	(775612132, '}SHmP1+5/nHXg,YZN;<[NCcc[&gg9/})vH<Aq^', 'ZE,!v [8viqS$v$#V#_K:]xer~Mp28)(yXeB9h"@b%!G3|qs0lgis#<8M5"OkrjL>7E)0ERZ\'bm*NWdgIRVsd9m2XlCe ok&!QBH cT,j5@xcXA}JMwQu[=UP+s,&8yuI<I*${m=1Da5%o3iI\\\'~Drr]1hu@Z/nk*/vQMt:s=*}J)&N(gap5#0n)2Rj)`TlFdF'),
	(782446490, 'du6v~\'2yb}sh>)w+-U?bgzT.Tf]vCw5#zFI<{786[(/y5yNp2J;W7:Yw$./2;j1j#RcWxpVJMX"*NnX%PfbEgh$Mg!z0!^~k2p_+O8{%WI+q}NmzscZpiDSU8dtT)Yo98i@QYPJW?}"SEkE3\\KVy1d}y9%mqtmUtY\\6^P98S2y=<9j>#e"Tx+!IDR4N@W\\ht4^=_jqoLdKL#yX80]=}@+/2btg]"3T`~Zy', '{A5luS$zF[SVpM+f|}`e`8\\}cY0=LzM&5L{ GBY2o=%@ot.0steg/\\5+{J8?&v0wD`<MX|IRQqeAE+|%C=*.|(8])8d*&ij<]v+L#55<Gw9(>~&\\%%9 |jq,5AXf:G~GNDxHA&%h8~TdvvlZi;<\\#yV#0u%!~8Az\\]s~/QF-QGU.~oI,\\KvR$r;oXtJG%==!)Wi$,`+ZL@L|v?)l$CMEvz@wq-4-m143.G%ZucJ=+fRMORn_]/!-S^F^'),
	(787633136, '`&MZ)\'}NX`9wN,Od&]jVaxCt6fjjU"}/9R{c7#.5SKVPRU`u^$< }.+?A.Tq$?#b+;"Clb@OayNhZ%.K?(&)U`qrwZ]fdRK_s{d>3^Cvu]OB%SBrL">E|[zk6#G_el}#-{zFX!', 'wHAC[Dwl%Fw+UKXB:%VWTJ=E,LLJ[mF7w!*7S;-&:GTAF|d]DZ^1wH9VaDFg+I{_/p5Tba/k4gOeu0^v\'T~U{JtJl@M7/c@)lV<\'Ad{fxX(l+GUo3~SGNLE&!i..0Xe8s;.wEaQcs)Iz?g+cPQQg{_#Q2"^NbgkL@RwPB,pXvBEAs'),
	(788274613, 'z=0hA"8&', '6F)IGR56ZSDwjiS7}VAVd\'})]jq^)NVRAq:f]RKg1P_fiHj`l`mxbk?5!<! w }b[Zf: z$6Y)#qZR<;Yqn{~\\|4gay7X\\Eog[$2-SY1@(:Yz]]7~Zj)Vkge}$#gk*?|kJ{anIeudGtq|1nyw(<i'),
	(796575085, '@7s+\\jY1"I=#\'%XY)%F;"gR=xupj~8 0MgV"2Fx8L==9M3e_\\EqQ?)"4&TlG"A~rQrtien0(u2o(f+utfXtjgu=', 'k0d85\\rBX2+jhZI04L$1X>"`y/AA\'~{^-k\'X?_d(,[7aqF7|\'=6v:suy xkd);yZv9OEVVUskGo@UsOvveqAUK4~!$CV_kX8]8e?e$:%P-+iMoP>wVL;b=T];!tlYV_1a:bk(D]EOb~61,{T%Pm4O7E,F[jPij;y,^GrJH?)6={/=cxq#"f;9_)-4"-}$]~'),
	(801786512, '<x5o{fCw]_Z[&64&uNYLt:P:mif33^cpzyk$;GCwd=\'I HJp)"4Fj.p*=)#RCG=m0GxMC6ba?sL `gGhA[;bX.>LN3E\'xfmHE|\\Jd"BbZE^.yo3`mQ~OxXMNwM[3WSY}# eHP+|9,+q<rB o[h<(%@M3aU', 'w7f,1J_q!]Ea\\xV[Qc~&sr*!u h S;CQr"8z*ysN{e48xMVlSwHcoV,jMKeB>a*G@6%a7h>w.%L!/e0Ze0BA.f,\'Um^F8;2_9F("K.J<Y\\Ur5&cU&@QNZ<41|2IXx|Aa37Af 9LUO1H<w?hQ2N]_I-44bGQxp%T9D`ncR5CP,)NBxn4]FuOT3,g-s|o#D=%N\\pQo\')whzPcbo<1LY$ppw&3d'),
	(802391164, '#6[[(D)f{">%,4tG2\\@V~j:w?2!#I_.JgTE;LPf*!6iaD3RY"?P<Z*LB$X4^DEVASM0!1EhCj?,7\'#"~:WC6hCyy\'%+rS*L0l:7V~5$FPv:IPa$;K0ira1O\'RIunLv.yYiL])Nnc^X.', 'zs)AfG(S&C<saYi%]]loe7:i3w^Kr hE\\)O3 +<R&&k$%K$KSzF2bSaHGPHH}j3OeZF|q[{{;^k{As*AR2iM_'),
	(803869108, '^-^u>/v;Aal=I%G/As=J# O>/?7N, B &R-2=]9-Z)&Cn\\)vu}!lN?&\\Ss]mGCvM_W:GRC:KRP4w|`M9\'0K22/S', '2iTK~(U:vv}]7%G);7^=U#b?3>p-\\A\'zw?GzStsUK,;?a2!&i,@mgm6nj=OV:R`J4D6h1if,.v<B"#5OUMpU-Fs)Q%ljP\'/G7:Y6N!BF$s0{EZ#`|.;Wk'),
	(804853578, 'I\\Vdaz[pla`t2!!imDSBZWYHz:k}KZqxzXcR|=4-5)\';#3/{Se{`5b,j$_6y910t\\~uphjK&S{<W6YY,@g"VQSoY2rjEIarJL!wpg:clVYuyO33s6mL\'[)Jn|0d0pywc{d}{|>TS/iE<E-QBj2LO|zrG#8<m5u{A8\'ftl)fP:V8A;`j6-"_JAD4@+1b_*^AR#x=WvG7wyQtVF7}_%C/eq7nX#G&orK/wV"::?g7#8P_1hEgAo.', 'Nw)40biO1b_.dd}^ME2**Fow27nMMB2a(=)+)%P$?]mk\\u>wwjNIH]0xBRD5i*400*&KF07d`UT7v,K ]N!~9>Xw4-#hM+mq^dID-0 ME+`D8~a;zqkizqV&$IvU?"P*b'),
	(809999741, 'vS6QkU%/.F<Xq?`qylG["vYgev@h8YB6H&8\\x%G#H/4 hJ5Hc3;([ t;)9.', 'Wr8zIe<bt3bpxnmq(`C}RObM.5+9@Yh>e-pS,D$|EKRUu8rw~ah_O{EG\'loB<{i1AYK[|4mx.@v*;0<\\.by\'y2hdu$!6V5wz["@:cfU7yK8Bm*/1gR@8M-oG+A~LR(&t7i[!=mukON@, H]FNV;c~$:f73P[;&8{Ig?n$Z%^Y2@3)>*uWk DZPF+n-a3gS\\ovOB+I[w+&Gp='),
	(813684387, 'fuA"T%Zej`7QXc&TdF3POu]pBr:?dyb^6qP3YFk*I_,Et72o*=p', '^dFrJX0Os&m\\7"o)P+EQ\'K7h1UFO|] |I275cRU>Ol>HXEie]"ySsjc&-wCec9B `Eq/^"S:LCh]g2g0mwgT.*.A?#"&A8Z$X>_cv+iKRL{5no6W1RtiBWe74%VCVqLSnzrh8XFQ@5~LUya2<U1'),
	(817716208, 'ekqd>7beb M1JUSrq9g-[E*7c-If@@!2;NbTqUl&=Th]RcOs8-n:(tHH4x9"T_@&Sb7Z*0w}>iT1f:Q#`Di6]k57q7j"Oe=`-&V[R`u%W1=NE1"rQ8pTr4u}z~D~Cd\\', 'b}UJ82/jBWnr}?P6)k)u}hEn8?gmPl)9i[y&.@bRE 4=5`WIblG)zV9n|bx%N1W>sx:Zh8(UrixG#1s-UqP*G;[{jj:r\'\'#6LYxD@XO#IKfHSl-Gt;x!f\'/&jUM(6dMP{)+ipS]}0vf7%S2dm2%& [/sU8T/.@!&g]sAyhpA]7DE+EwsJH\'[y+K#,Bq324o1-9\'m M {poG#JE<-n\\"5#9N$|[$yyZ2RGbF~\'FVQ4?w |TD-z4hQK=9'),
	(818642905, '&x RHDN0Qn[\'I@Mc^7JSMGHe)W)_{/G6flK|~q*\\GIJd:gUwK', 'Dd$lZRQ_uy$^o29"Gt[y&I8H5pmtJzqJ$xW8)s1O4u}X=c,!IrUf</Ow%dagRl*@wL{$\\N#fn:jsmYs<IHo2u/+]t$iat^PmuWp9,iU_D6dj}v#Le%4\'(IWtX{5A5sA65N]q]rg)JG@r)q00#17}8cvQu(Ngs\'{&V@QXCY*KJvI%&ur0L27@uHX!LN62n#_p~8I%\\N`fe8)WI`b;P'),
	(823003738, '{+=4(|l%\\+&j\'<S~2N *2X\'UNTbaI<m;^B7<W D"I0##oodZ_9?8qGdd<Od\\#BpZL=>@*BQ.->k.(n;_tT7gQ\'r$ *o##,vk#Q;L0}`5PR0OYTK[!X|,Y\'qV[m%Fr1n<VMA&ZGS =2u6}E.JmV2/qR5A6GC!n7*)sQ0mXr =I\'a9`x~[[S$sA4cH"-dw}3}b?wqZZ0.zp?49yp<1AH)XPT8s4W}w:', 'D+rj{^On:hVO\'ar'),
	(830326816, '<7n1HgRes]l`bf?Cn<|cl>` H:XU(tE]8p0$6KD##jcj<_jA9_5sPvEQe7a=wFP$gp*ioQxN@w+1&{HC$V`["0Dke4:~VcsO)3>\'cd}S!\\q=+KGTa*_~KvPO__Y,NFK&V^:o#ByUhj%:e$~Gb,@/VI321>3s', ',96E`?$d9jnfM2jHYKtR8bLsWN>G2}"zQDqeSZoAi&JS+&4t"28VsUBUbz6zS.!F7 2e7+P4dvN5@lU$7_62/W'),
	(832154825, 'odR|Zl#-BOAj^\'9!re:cl8-{RhI$p,9hlD<LA6R#)?_[Xy ~]:%Yb]M!6|p\'_NT 2jjE]47[=T7F,H57ubv,;-Tlqe\'8?a!Jp|RDzm xO^x', 'm9~vb?m,-OR|vX0X;qkWZ%M~M|kbdcIAPS ?0V'),
	(832826347, 'P=X%)m&2#2T1S$"K)H/~cBX7F,{Y(GOy7qD]7X\'x;cGW)o1;~9>9x61kWCDriG%1O_l#SkMoP~ULVY~[CYFdqe>4~*p@aG[W4A>C&`tv-#8&K[@d~,C"8W H\\.sSjy3&O6tBky2N5!j`Z0sbi:aJkzQa+T!%BLWHU@ >VfV6L<J`>J Nf0Cm"NEWfSlU-', ';7jD^+.aI.4OUQ5Yvp+\\vSE:J FTpk54^z_lB2/pLTKEKgEhSD42?\\5pf3^6dV)0fmrd/W-e\\)m}M|6~WOO(0]f2ZfbH!m^WFu1}XvP>.gSK~rZ'),
	(833420602, '0b_5}blJFl}z!V)a>>Z|kWayM<,xL8U dRHo)pw`a0e7U|C\\atKRgn~Ql[v.4x& Bqa%vOi{bP$*O9X\\<;yXh|X"(i|hEFM(7o(M1uO80r,rD', ')rmD1*NrI^A7g55(gG,Odx"xHVwd*[X$z~Stg>z{d`cz[igSS_=k,Tr,&vot)7=/x4=K_cP@mA@1uFnK5&`S>aK_.9u[-AVDN7TXF$ni;zOZrs.ar>bJg uA[b.T7A6El>:cvAuZyhS='),
	(834358941, 'P{d)u7W|>D.P(YO_YAxsUhC,:rjkA1/dtF8Y$;*fR! cJOQH[^Zh/G,ayw~PBL#eRy<[Tj-OmkO9DF6pc#DHXlXZm`9,|e,JZC.OB@/Or$PMj^_rxb', 'RUB0u2Y=\'Tp.;WlfdJ^#|-t&@%.dtZ/5{jTaN1 {J#8c)/_["jQ"&p;AV,D1fB:yj zA:[ 5%o};5>f"?Bjjv{"]XIFfe"6!9}3f*,R4Hw[8H<*ji3B@W6cHPxr|YeRBuM#qk(E2gdAuwZ3E`?;-+'),
	(850281144, '6e;:!C%FIZr=Mi;|dTSqn&(f3zqBCtwh`W8=,,aToE7N*U_t4E[iLM', '.|Z;VIC@8R$*e)lT/xh?&y.-q*|,J8W_ t<TH=|C-tygI?{E>)"VTF$.PK}Cq e,C%z57Rc!e:?F}N3$Qa92ZY;dCkB~[a7o_S:eQ?*o8aS]VG,E^|?=#FFLs&A}"QPMfBh?q^6{pW2B#.BI 5mlg>LW>cG]ztunlN[\'~-_.Nq.jpzR34[)JnY&mvX?YzEleKputp+Ma\'pTJ+:<rA?>i'),
	(852049418, 'Qh4fKYgpS]jI7^;e%{rw_N=a$?hl]szh>b%"fp9>Ds&tA6ju\\Q"1Jfr+yi,BDQx[GHGm4KJ/X_G06vgXrBX]m}a-<u_PYN#S_]cU!Ck@ss#e"a26^D|\\<5]OZR>>Y]EGRzk|T-"n!h', 'j`fmeOD~fg*lvKr}\\P{k_!p~#Z}\''),
	(853768321, '7 CA$x_,V\\_m3pBp>?:>S9c&V%egYfXTB[%%.{p5NX:a5$dh;KJm8/~}Y/6A8HW#d|.n&0iEEW5#_N|`z[?OT) <KA$h0R$utn"RGY&XK7%Q/5n#x`T2zRH@$&_C[;Rb|X}L(\\~~o<ee+/-~>$V368XX<l O_', 'caX52D:}IydQV7c#vEfdi7KDMj.->H\'mDkt7ePE^y!=k>UrC9j@;GQxB`oUf<FI1RaNkTN-$`|m&\'/;VNIit^^5|JpP@ [\'G5eVTOKMmMjMBCJKo ;4:Qg3=_/{ht5(sd|nk=|]}k\\Qj(jW3B!@g|A{ms<ztj=BiE1GCZ&+vdu5PQQ_R8}B2lLs67}MbzwO+'),
	(860318307, 'N\'BvCX`=qZ>L?Ex,9hx#0qP1tPh~"?KKJ-s"(~iaX8KkOGB=tJafs"+j<xQEA>\'19rXm+qT0A[8Ka1F4LdQ=VHB*Ua1DUlCt$_~I]w\'|Ysr\'Co7b_q,2q~G$LTwY?zHpS/R+6t1-wrxqu!Cyn?8wh`8=w|E;2?V_,0c1nFLR%/]UNjNMuk\\\'_>ZH~*l8W!I:qe!"j%', 'rt"cT;^X-M."CCi}grpqunNsyE%}+mEm^HH?f=[z)mL5T%k\\Oteg0-c%7#X, &yu9o!5\\L*\'rk" L<+'),
	(860419894, '"@"!u"y]<.@G^< J\\q_,)uF&{aziKE:fi(a@s@AC}`vU1s\\-|t/:oi}0#"(v>*GB.%#~hU=( n>kt+A0?pAx>OAf`kY(,#k9<@Doh2<]Og?H4Vo9:vsdVTf63~E.sHVX`^4h30j`NkJ;0c4Jaq', ';bl>whi%H)H@c\'C8`Kj/UiFrcAq%zj,X<rN5m@Grgy&/:]OFN fiK 3NVx8E?)k(H?9Sdf@oP*9T4n`i,C+z:]xu5_!dEOWUAH.<0Z+_WtrKaF2`T3Fyd!LFWr.|01q`lTVNOGJiB.U<.N~\\e0K|56p"$KVR'),
	(861769284, 'IsRS{EMqh,RICMBzD5qB,dEW(=NrPESfDhm{d{jckr[ykwJq|EC_Dkt)^BgVG(QiHnW(HB%49]&fqA2i|P7_#-KO', 'jsv%KR@}ZW"KwesY~;M[Jx_/v}H1cb,RWq3~Ul!de\\7-b$Czw?`[1<1Tx5Ct2!KX=9b3hw{Lk]^'),
	(862121893, '"=.I|QR_XU7uo127%vo/%~7^`X,6@3~r[T&E`\\Zu6]V4DfzOA2', 'H0*g]^teK?4Wk,y[}zQ0 SVr(.qMp klFN-1+ZXhy;FjE,:.m2)>Ac:3e\\kUze'),
	(867049024, 'T_#v=?6wnL"P!aNe&Tg,b:7}?V/1;/Hu"h2N}i^XRxk+\'Y1TTR3}L-&]JlXs&abj/yz+', 'G'),
	(871747423, '?ZoAZ6wkMVy:_deYGj.hYS1^Wi/jn,nyGg"+#~0A&!s(v-5<Z&gWFL&aqXNLTnP.a:Z7q qa~BC!7NXP/)kmX ?;){j5jw\\^p^A<@G!"i mi_P|k7X,agu&e"7<0UQ(j"?f`s%81jlmIh0QjH2G;WXrp5;TjWyj|c_$[ N_Q=%;Bl\\D3[P$Oy5o%0A>q/', '^dk~=2Dys!TQE8b7ho2(1%o]YC71^N9K[ZUZ@9oD!3TGU.{WqUqKiODH<Bb{r-Q2_=ahbV?Ld2:FOGjFr=f\'P3rlW1b@TX. gS6Zd^zS/`WX/d~a$,@BrFcf\\V9ERx&3q+]?Osx_"z3Uj*#YZ+Ua\'*Lv-oBbxXk@~{j wJ_ZOoh@pu'),
	(875881796, 'NAtw=J?c3M*4%tI(J[7qs,W|fS9LQ\\', '89v#ASh;B,{56<WJ|P/[_bsqLZsavp(_uJ1KGGHiJ@bgvvxKRAPcz_d?JK(Y-c2RUXD!pJC>(Eo7M)7wCt\\-A"5cqyp,,j]aILc_i(=>UR"t+O*Yh7Q_z{fRkF<|c2Gn@#GIaib|<eJEq3BZVf,*2\\@1Nv+D[Nd{dNeHPqi?o^h\']h+C@uNAx,wr?6Q5'),
	(880964022, 'Jb2vnP`R7t^3p;/', '^6JYCEO(Xno4xt>2z~e8sCOeF;lM-QsxR&?Q44f66]tFO/8-M t#z0VwA sm#ykQI;_;!EnTLW9qQ[v3@f^VIC%CG1A|,$;d(~l{|A_ylWSm.N*x4s32pn*.i%F3]40|Wv:[Dt**Xd~%.n-.(cz4fhm)I$w=Afb{=HpEX1}P 5YsmZgz81M"jo3j7`LVZjY`~SI'),
	(881016517, 'uJcG"8sZe|s>G_H.I]Jw,"FzH0\\}Y"&M,Ve2V|h7%8"upVF2o7C^/6S =n2[)Rz#iN1g|$l60+Ml}TIjK[I/3HVVw', 'xJiI8N].:}-q4P!2_$<lt[8G0x-~vT\'pAmrh=;@AAON@(IlE]p9YOE{(70Eyp;tXX=ZSmn2dvYx#Go ~,\\D>Jb#xLlwmUWcZJb9zrK@cU=w#&}DYM"/C8,g#iI.g,_0y={(1yM]W\'AG!nYx,_r,:p3)C9D&NR9/t9;CUw-hLD,v5Asxo@0n[UGr'),
	(885013646, '#u|8', 'N9pzwL86IOO=k]={i%:Md@_s@M\\\\4N$4rE:A1UO#ZRDUScE)Q]nhKnL{x)OY(:vMwDaft\\MR*CN}T%i/+L>oFSLySLO8L#`^M>om}9CE^\\?%YMlk*&w?&w\'iBI;fK.dJ:ehZ#3@CHv3)\\MA2vK"2XUfP|m;#=fv&zZhR9FW<vf.7a8l/p)@di:u:BB`xGX[C~FE5R%=)&Y'),
	(891331419, 'Ka#kfEb[woAazIuT^w_g+5+r. gI1^&%mGW-$(H;yO%\'&`pj75tO,_)DxQM52E6N=NvKO,t<#Eyz<hRCmP-J08rOk', '~Km|:qH&/BUb;Pthfh8^/3-QX8s+RPO;jE[&"4f!!#WG\'*m(0$y9c|.cw.mqG~I}?>V?\'I~t\\9m@}Zj$~EhNu5u7<{EP,uZo-^ Ak4%{eFB !tEPzNP+5>W}I&{WUMe(er\\b>({1OC9CG\'sVo*A{zJRQTHc"p>(0\\PZrTEr6``Itdc+OH\'se*]6)CYi7F@\\d'),
	(896321909, 'z3YXaJqO) qlOpK}MYSTY>Iyo+)D>X;gH98u"j_([L]XVFKE\\;tZd^N:61>7d.c_TP83qj#i|zmi+\'_q&0=jyd$uWi3?yN=wP]XBjJ@:3V?$)KC`V+[~F#2 =x:21Mn!57Fx{@pl[hkAJ38\'cqjufds8*!dZ_&B', 'G_{0$\\b}n>Kj.$B7oxsq-KzjzcAT[:IUR-a#3%zv]?3`2l.A"c.y9S-/%$\\1;5ykla,1,wR,25VTWDML/F}v>m)EwA`tx\'0L60 }!*9^pif-'),
	(898404963, ';o8:E!h@Gwv9*]JL6DW[z]LGc3k=)Z%$r/|-9HrI/m:Dau}tK99YO4}3Nbpws\'%A"i\'OVl2?Gn3G-/HLqr`i\\!/w*G51umQWs( OLul6[)q|yV{&+LSV|~2I@+)fo{R!/f8ERFR3EOt8Hg%tURVSP($L*8+p4*H7:S;Na{})JWN$ojII,eR9_/LTK ', '<L=m57P\\0>/PZ`Z@_<1)TKy/J5#x%X5vNx&X2gtkx,V9<(U^\'ox<Hg78nBOd/qMXEm>sf)*==8`,Op)0hCKUSvyZ8]:qud#:T5N)k6kex5zhE8W,na\\afKO"^$$,*m'),
	(904096073, '.q]P;dH,FzMR4PVR,S=JR[`CpT%MdCw5mz;_(}PBpD*G`Y[Y&"byF^{lbm?P)El8#{{Ihp\\wDkJxj&AC%u3o8b#aTVW~?m: XY`Yb(& KB', '>#>60/08-X3Lqr$;+mMu,:aly#>5S$p593)HQFy`pbI!m]#lT4UsSr(*.b}^-^Wss@O`0oC`sZORmCuBFJS$>3hfuB?#.;N_ifxH$Tbq,.="g&Z+7b7uf*f7jKK4XK#H{~*b<\\84Ju\\^;8a)\'HnU>H-WC3:.34>szw+3:1J,Z0%de~63CBhjf!-%3VT|G)|\\a[@'),
	(904857675, 'Ba{LqU.]#I*3u_1|/z5(F\'5Bk@{(Oe`hF>j3jY%jxUo }i1UIv{J(:H%?E_#*f V&$88BuD]SP}D=o`4zO8Q +1\'6%v%\'avf*[U<6X4RZu"VJSP|', 'VhOP5zZpkF^FM@}KOAU{;u!SUKu@T9e2c_.p_M1,;vKM $n/qop{"#$AQhg?J>/S/_o,}f\\_H1-'),
	(907720402, 'q~$[dbb[_k%0DOr\'L+w,;P<@g$\'.c"D11hqFTw$jDaGo[sfb.4?K2+4!p -eng7M3sW!Y_|bD0c#Ty6KIikLQyX!v^&V5j6T|z7peW]Z`_tj0\'.]\\tSbjy1U}XgW=UMLZ~j&\\Mx9oL>Cm=KV1!hHA7MG`?Txn1=9AI,', 'm<Hw#ipB,;BTV~XdE+\\o48:%pD;$J%+-Z*D?!^gW+>8yC\'+Fv{TYC\\3_jQ-v9$X.3.ll()j*\'Bd(6uD\'e>l!O\\$e@\\o{9}=qWiC-/{-<^}VAuMD(QrasS@}NWBO?zp~6WMM^b LinHl-/6\'UjH1R _[Iv'),
	(909920644, 'E-e%D{~K{$mmv/i"HG0ivTJ$Y|', 'YlO$@Y[Ue64l!ZQaVQ+"lU4QIx88|Ou\'xkkhhw^}yJZBDnp03uwO[SKsBGtdzNX#`nMC8\\"p8f2'),
	(918417408, '&0`Sm?XQD2', 'Uz2cqcNt_<K+0qy*[p|,*cdE@oq@5Cc];&e)|"/MW|*0;a65QJkj]efKcW;xf7qak/H#h3xGb}qw,GEON}j&t@_nb0[3[]/@@In1wa?=E#a6I^ows"9IPa^8PKBV<]IQqBQ<Tp`V1V,UqL6laDXGUu_?KyS#+lgJtT(3'),
	(919174215, '"AcWoM7ls;Rd-C<U?!pr8;5!0YXFO%jQR=@tEypu1?2e!Z&$RDp0|tal"1VYt>C/:ZG0OT(mYj>d<P*|6sG!dJ#N"l>;uerBjaO,"L1M%.c^3{>b^GP~w|d9T2j\'%j1PIIHjK&Aqrs{?&W+0uB?%]b4G', ' aJ"beXR2;Mxwo"dAGBC_IwySBLY#"<UsP_ZDK19hKv6kt,cw24h8d$_4@n-Z_@fCOqiJmGcET(kaiE@t0.~$w4p'),
	(922740200, 'S+0!SEK`f_2pUn\\#g.kD@N:\'ep*] o(k:&Iz{=lN3)}Ci&hf11o\\ydhq(V6_K6<x;`4_4k(H^7Sc0kvDFWw~Eoc,hvXVlq*WKb.du7.( )gh+*DrhOYU/O9|v!gU jsr+-3;m&wN,JBT]X&{&?h+uB]m[i*~b]Pf#<`4~`D!rnx:ODHBVeX%L+,N}rtB6TP(Lc/z[R\\I~Qp5-)O[~\\]FxL)7}d-<_-z_\'2\\Z.(oy9[=sdtt4O7hqU+~`YTfW', 'WO,"nAz/l5)BzDm(HlMb",cnlAlg=G,{SD"u{wAP0*oy)xint!]^c;yF9i#<e` J3Gjg49o2csQWK^\\0zrqw:%-0:x-\'>uE&9|f&J_(Kw"tp,(H*q<,I~[T3ZX>q@:]E{$(mlaHe@\'$6"W;==lD_DO&j%Y,Dmo6c!0{Dc8j]SaR3l>S,UMFL6N2FGsS>SGk|`L?'),
	(923562146, ':E*-uP.bK1;Yd_2l3Qr1QyAc(0TDfu;zGvS}6TK[GSg1wGF?lNpd^0#(W!+4TpVG4u\'CHXEE$g#Kh ^l+v9^o fG5i5Y4;Q/=tCzTDFW2Gz|f-6.W8O8;}~jDf2K)N:BGq#*Pg[=: mN[._:aIsT\'i%l$(', 'yx>41>*Z" bw3;u?&T~^+!eaA(2r[ds0McAuouE[\\ZBnEmBa"z:,^6m05#2)tS\'&inf(R*mR\\b!ZS!STxY73p(fQPLt)g3RVjy=iNztgOL\'6nZN~\\Ym2aC|r;gOwu||7f)Q*}UQ_K|*Bww+U7FM[0~A?J(F@Rb$,-\\MM7)~XO&mA$o::.fI6>w+yYQ,mAn8af4vLVo'),
	(924693321, 'VG<*mutO#8Cqiq|s/+2ka^_U\\w\\#V.x%Vgr]q7Eh6O82Bv;`kcn1BO| 3m=7d=!R&^j7&Vnh\\=o&%]p"m46;_Y>49`>`U&\\IWZiLUF3MJ[*J+5t!}GZtq/$g$Ms:7 *5]/{l6*aUFz!h%/<w*,Qd{4]t9h)J0$DRlyrchrVEfC@v`:Y6};xLjWdX2]}$"H$1\\]EYTa=$4Tj4"e', '\\Jt1hs{#TVpFFfe?4d&ppmGL=)fwLI 2#> #2VqN.a[.9Qo+u]%vhOch_2f5vMwcPMiY={Y-KAqusn~x^"V^Z?(\';j{&7"Y[CjJHYt@.:r|1sGgv.O[UZlqF\'cDbY1T]++=GR~(q(%}MG:}p5c=N{/1t[;T9ZAS-KEhrM^]c(:N*%`w2z=l`iJ#l4DXl=/c,;Q9On#_?1D_>p/(!W|Bj,H7XqB674RO7fIBCq$ZKze758PA#WF=o&_Hl'),
	(932740866, 'DU$(~pSAj>\\u?gWqo Iv0 n7c[H7CPnd7z*KkPS:Kp|p2}|v9+kuBLYj\\xbm\\QYRtl-$ck Z', '-TwePM`(Aw@fa\'(bO0OGkeESU6g*#Wzr1,G5/)W;*^htq~:C!\'}yd%|M$L87f[H!qzt=E$%{0jM1;n|`$-0d?\\}&Pn}/S1_#uc-w?fU8d#ToIb@7%R:\\=h-jT<,e4 pX|S7'),
	(933519717, 'SN^l<D3VXuk5<lC&#Z.KI57WUVte//aEQ%9D1S&w_MA@"COo{B;JZe])Mi+Xw}%`<{/_`I(4SC}<0-FDFxtH&2".;_"bA4vj~]}^5/,e|1$c5SZ:YJu 7iK|Z:!#c&f NDN&kH{3zoQGf\'&#WpGP', '0v;Bx0j:pGXH;Y?qK9liU%J6@\'/*'),
	(935317308, '56gxwuJWW*$k`?nc=zG@nAB`th ,&ry+C7\\:I"zJ:8hVh b 94s((^/ea^*OjD~Lpq2kS~}h/Feb-[\\6*"lS*g4Y}7pj$8$*IAr#vR)^t2{^$`zFe3.{!g!!9HQv;(\'C[WaJ_\\1y>8V=\\Hl]c)MNH%@>8\'P1w:ub[s5CEVI$O9du%s08@Tx.E=>Rq,;;<}0d=*^$+uG&bt_\'Dor]\\x3tGHH<0QD>f+B', '<\\fW@D}aCmfr^pRD<+WPKWGvR2IgNBivsCl~|)@<2'),
	(935624866, 'G;MO:@p', 'b?O-oCC#*amB^|8&yf('),
	(939674232, 'yC){=k-X&"YKh8dPnPZ8lM|3Y63}$%dw[Q*{-^19Xw<zZ)JU0XoRNR6Z9g&xf[$6-.(RSsK-;ZUo?wsU5eo\'byZ<zMC?\'2,GA|L77JeM@@@:][Q?oRJSRJ_MT650s1 |X}"=0Aswr\'HX{^HS=os36l$ew_XX\\R88\\FpXJZmPxVH4D{5hCjY~=hL$q,8qXc&UagBUE8V`V@lfg".L8hOLI,dl*kmC^`3#Km', 'BU?47i]lvVn~ XIbnNachDTb`Jz f%Zkh`sxHKTSV\'p,\\PdcvU9B(A\'1N<QBY(L31a|zmPqzg1+ONUmB2'),
	(949724123, '4fL`.$;[CA\'kEjM1X[0$#cBV|awu,F|h=q6H!:<U*EO2f{@}!#FJ-W9m~Iu^JfUTq;+?JG=`VFH13XJ.yMNWEe3@{fL>+)O-fD3a?nJPtqQvqmx7VuPkuO1)(G#l-BS6~2)DL<,ylGIV-eb^9x(~Z^PF1K",wC6HkKvsR) 0ewsLtGHZRy?aIIcqd)rA5tt\'K[:2\'y"eaJR|>sS/}|tz*SZFmf', '^6`UGIqA|V~'),
	(953199848, 'qj!K>CvG,7&~\\~]R~KRoqX8ur|oNZ}6@Q%"{b\\Q2vZM1"I(8g4szCHl5x,RH|`ciiKz6q.L/~?o\'(c6E]-6|g.lwcp3zh7%!XDUKOxfTI".4:RSK/~:\\U#PaLuSt%FekJKxJV!C~5);6i+ r6l~?XB8WIm&5ZDjb7XN\\4KON?cyyI43w8pe\'nKL\'ms+&yyn5@||-g=>L_iZ;q\'=m#b,SK\\\\ e/ub1@\'jS"J_', '`,c( ]?=N%[s/2!s6?\\9MEP6B=[+K>Zu\\:FGp4>iei?R@4L`[4WMHJ#a<tyk7>}2>5-GR>XxYAk1WqK_/ sACb|m{fif[PIjoMsl$i_1H9iNP\'4p6PxpH_,ZaE(W)78 @[}:-61Z$VuS~1[F7\\UqM^Mj>xcEH9FG~A4KA1w!lveu3k0iZ>z72l+c3"C'),
	(956076264, 'a?}sLi4sDEVE53*3H3e9A0u0bh2O(VQhg#Uv)4XcOv!HGV Kv-;+1PoXDL~a62P|zd3POxF4A|H@-/X}rnhHZP%]{bTCJp(Yl73CuI,,Pd?/D2ll8P>Ify?N5d&u;d5r8h+je8>VK$*$lE.oReM"oWObtTTg#VJtc_sc[{Y', '_Zw<j~brS:%dE9M7] qS_'),
	(958511947, '45_I,>EX]Y8e`CF}}f.&*Sv%ug*qgg6I-kpN(E$<[J oGGI@)t#)~.:|;v<|i', 'Nxef-\'biD\'#`!fV8-\\lPc)I#<[)laI[S;dEz>|7f+?7%Do>c|#@ZNEGw#>7$ZwzM7]`!`Sv 5j:P6S7R/S%q0sk!pc@HK,gjbA73#ddfxOi3bD=Lb~L]&">{BgYyYuLFjAxQd"^Wgq#Owzt0@"3&"u]qKgtkK)s8Ezb^VRSWJV y$xe:X+%wE,=9:@cFIb31/;] yx+<$`7:8&{DiYzb"wf28L4D|f!~RA#_dL cpT~Og3, uYzZ?&6)%G'),
	(960436161, ' oK@P4Th/$B*!R*c5Y3c1CAm<%n1l~0;9x=,Laol\'*ub)T S\'WW6YX<\'JH2sS5J(Y1\'suw pkK>hq=US^vQ=aT]EtP5Cd}"^x-hE9/h<lKhwh(YXt/3gmu0SsJ! KeT!ct7{?"Kj[Tkh&"\'@6MckX^>ObL$\'[fisu*;>(I).j5>kk$%\'_V}.x0-IZq1qs+Z_|%T[n[<Gn(`Qcwkp^gv|})?fy!cS[l*OwVXQ\'1@n=kUBB8]B4s4r', 'I6!~C:;#TL37\'q)]",mk*)b&L+$qFSv0Oo$*Nx4\'z!>'),
	(965117683, 'Mf,Bh$Xlj1CikU<IdK?yhpp3IO^Sgx5nU{KK8=<7FOpivl^*k [{pIP@MH|Ua}e2%Z8#yGwQOroz)\'NH7:!S5kr,n|{R,^h<$)i:)bKOh\\S42G0,7"Q^*}SZ [@rXG%k:~<IFI^p$r`"v6B?X//B-}y[^T>VN2]b,&*ryq&*=AMIqM{Hfn!i?j4sXZ_7,Dn?[>S|/.|[aTb%QM-0kB+)\'', '<rhFZ#bl.AIxt8xKIVI]Y)<%@[L=W\\2=sx51za;iIgq=P;Mp;{{Q}ALN92.GMerdH85z'),
	(966087078, '~\\_;%#smy~y<(H;x;TWH\\E}f+GIen3\'E.-;!B1k@^H,d>{9Vd:*|>/9yjmBe|e\\PMS`qahX%s9uCbxoLwV0gOLHE6j\'6TgRn8WJ', '9?~j^,(xH_Z&\'g8Lc>B\'27$xilB`\'_HhHpZ,pf9V8G^)bj#tU+|c29G}L>0_rn\\nS^&K/}'),
	(986721579, '%=bu\\C|m.Y8&2$+;;gf1vd{Apc@%6>*3d[{,E#?x`IDB0X~f1BM4FEXDy,N)uH8~n$E&"yG5Ns:qm#L[RSn0Z~SF-[nG>I9OF`jU2=cw+EUL2]9I1M*Lv4^URM66$r r^=J$LnzVd[q5i^rP-&-%S3%@m3Yr}/\'(uF4S:X-&(Hk6H7S~Tt8P^V,QDPnbIds~W1H\\}4', '[]r%^DQ=sb7=y;BQ56<n1)uV3?RxOlcbhM1=g=Wy{!-^(C(/x"`Rs& &4s$,trUEC=q7p5K s$924cc4F"{uEm=%?*#t,2db]NTUBS.m*Q">3!],g/atH3!~^%P[,_Uy)"-~i)WJy9Sy'),
	(989305321, 'M0uNx(++5cn$;bM`)Pu$D:1y]LkGvon3b|jI4X:|l1B*~dNJm`L<.B^nGH>e[$*In\'ghD>`eRO*~Ai_z|ei]S>=lO+1q*nxe2xK\\Y"P3t)Qi0iv].H', 'MrV_=G!!p%O9t+&y/n<\'xvzx Pyj/yVD,2DCM4,@4Fdgt{*]GhUt.-\\U_cqMAz\'&tCn4-G\'WyEK]x&fFGr&Rk[<R4DEn8kx6! n,o*$%JN!pHoeH+FtiPy_oSDk<-*1TbL)2kpkzXL$v{]x?MBxOZ/#C qX"KT{\')u6Z|f_Ad?O!Bw8+AQwf1v<wF3`gqjN7>3[g!EX9YB^~\\&d0WHG`y;w1~(6s3O&wG%N)9y&SN*'),
	(990090029, '!JNWwb@>3mJx0j{2`T6[U9*\\,VX2,UtW=2T9>-)zfRX<Itr J=B%2gxOfpvy:aF_-KR*#w,~;).J1W\\qwH9<TSUq| L#{]h-`}SJ.7qBg#%y_"LU^TXR{,rpt4Q]L^BmBq=neF\'v', '`D%^zIIN`_-i)\'U>NM_TOL|uM2|tg|J#3CjJbP3O+Ge>(n#p^r`RQ9=8U6qdd+hRXCkp-U&$PH( o-9nDCz4_l!_/&ZBpNU>`tO/iA_foy61-J4E.oOvJ"b]`~Y{dJR/,U|7\\Q+LDlC9uRiH<3 N{kKym{D`!f<WF0!ICX|DiRua\'XlXyWr;smmYZRdaNPJrn^+Y1 5u|:Hrc6*;\'413IegwJwU'),
	(994113762, ']#(>KrA,', '?$QlOZsz]8E;aCD:)Zt!s2)|7jT1.F+f\\t/-m}W[u(FrS72CIuY`"D_$[DW<?cD"^)N4\\s#5pteC_h>gXP"+[5den FWdcDT\'{A47X}D(P g3Gb z5EKOo:ztef^gO%}M6r]UY2oYgWjGJm>k93)0VBe6W,|"usQ>+J@-XJB'),
	(994737662, 'p/FxgV`N1{5E`;mlRzx7Qb,zY-wrRA?@sl_ZkO.IG6/@z<U[m{7{+]f(^[h/.Sna/=K$9{R"/Tj}uCWKEmJFwjv81Uhd3?bh9xv;DL6[-uqK$`V0R\'9\\3k!e; $I"oC%X$qyyG*sEt?x$j2G8L-7l;t!J[v5$T6qC4q(@)J_>iBTZZ#UOp6C-ekuKiq hBZ2_(.BR`"1XK>PSQ_m|3DY5ONGGFZeiVjrANbt$5#o9Lh!b5Y(5`-*Zq.vk', '(Aco~K/D.=!c/?a~K:"p<)\\SiRMzGxA2Fo'),
	(996583978, '+\'n?7@h-8M\\*N[)}*w6-E3)m%awtk"QOdYKhGu#7\\=.|}jR70&wDQW:;p&"I&UoPtF', '._:m-,PG5])MC57K):<\'7.LX2]^&[)5(*ya+5TNC||GxchGLl%^onV7>x2z=_GeqRT -tj$x+9`U\'uG#8UX+3h/n017A~JIOT+f;SjDy=`!kq<|`NoabRNAb2wKbLHj$XY"0[Y(4{2]dv3cDl8.P"XAL%U]TM,(yA:_[YB,P9'),
	(999886392, '\'i[:lI>|Ay4H118[lYzV *J\\o^nFgZ;cS2{e$d@YlBeh~a6zE2$s>X#U\\U*(<,dD(0AzP@.}v]i\'FL8V*ZP4cpT\\UumvXv}(tm9]a0% )F@cuB>x%q6E"Q*djz)~6;^|SPP2<,K~j"6)^b"Dn2Ho=8r&Hcy\\P)p&)v2W7*l]=^,sXBT-J0Z[pg)>V}.8Gd:=&yiN\\%]# 6Li=b[', 'FVbM\'`*P9>BI^#7OFh$0kwX^*IV`([X~\\Lphag?%O"$q]JYBRo*V5_BBpcU[{RB~S1XKSb6i33NDMqlN>sG8^:cH'),
	(1000853818, '}2_(\'A7j0Bb8P-YpL?0Y@X.XcOPz\\e?/8:^eWT%sRa32K]u7qR-[nM-yV(Y_($RzTN<cF=zawNk;k~p7,y]Zb(OZJh:,dq()RMd*kDSaU>0DUh;OQw<#/gb?pQH:7&K;GjR9B/_Aj,|&[ck1ib0[', 'IGqEhxr2ema#pgl$`@2|:lcbaZ 7FjB7ePxh:[Dx&!!h}vX)XleZO3J=fe0s&+Qts(@c79)^F[MVHyj*5LO7u`/l mF0XZZ.iGs(7Y"D4wn!99h}R}$O!bSDk5z3j,Irv}Al6=}{+r;4Pe5}(1y\'f_~$T$U]>"%2MMXqU"P&t/^r#^*`.*hiDyc\\p&'),
	(1001877683, 'TB\\ L5AH\'!-5]`4b1R`egCiUrO^;j<+[lBd/V6=>*<yW*=ci]muPD4L}v5ygm>};QsH=5ZK316*,EGSP=fP(/u#a*SEB(JY^@{;%dn', 'qSq+.@-rUrblmA^sXOU~y1?P<Qps$k=4rSs}Sc**xa9)0Y[0M9)9uQ$R,~{h$SK``bf3f,Bzxe7f`}yrwhc57I,dC<{QsJY%Q`Umi,IA4[\\&zw]_AIYGS/WHY\\aiHE$1O70C9-;Rh]ZIa7j$ wf'),
	(1015233475, 'oC\'$\'Mr\\,I^q/5}?!S9iV/?[\'}>TiQf^)[tETgmPc(aa3>/EVj*87Gg2.b9ebF3F$"5B~(=6t^.)AsM+hBZ h[>U', 'yzvVE:/}!\\OQ 7.lkhYO?J#KUXqcP(ep}(^NxApq3^J^y=Jiti:LTp{2soe$hnUU'),
	(1017460064, '^r"t5 b>|==38n)loX<-PW)rx8$PDMx$wTIR%T36n6wY%9]w-GWQR\'yzq>M?E&\'y4A?b;bx-?!Qu:U+|U|C8Q66 l4l<R1E]K44AMc"5>0gg+#!l7@pZ^?4HVD)-?t0{OnHTxB5V)TYL|"v`9@', '~m'),
	(1021154183, 'xULYA5k\')F$#@oR7o6ejYysep.%aC9ZIM$Fk)CTOVxCRG+iEw{@.Qts;2J"X8aAlRM%U["z~]Rb{zW0cJkY\\Yfk4@=XI6tJ1{!VUZT<yVHH9 Af#}@#l,f22~1>laXuLN7FkHTwk!hg3h8}k{bJW @\\{9IO++55)j94V#l+("_YCTmx{dFw1k/dA^G5]1xJ+@V{T\'>:I$3a2', ':),LJk1`&%7#G?L_S*+Y,tbk:eStDNu;VUH@;_MO)8]``HOOW;;rCJ@+)r.j27WW?sV@mE:eP{X8GsLh<UF@0G)VC(,?T{-]u.t@C,,Ngn6nhnz_\\ l*qlxBvkET?F<P>{8.i:wSNQjno1@V77F/3u-<dGznC+\\AAI,I;Mq9WcQ(bYq{LFdBJ6?q"EsxKFPNJ4TiYaKc)*oqBSUMB*lL;]K-51?$'),
	(1026051840, 'kX-mwDuDGKy:T"F+%\'^wQ*WcXf}Ppe|uL3x\\:H?$b.=2SK)\'shQ@F,()qB_-V6MH9( ]DN0>v^_]<%J0t,dt30v?ZoQwYhhJR:GPO2DEl-cR0!5e]B|Thp%jY5_o\\6G7TV%$T_O>X#MFfR=L^DpL]=(d!oTMW[\'OVR^34T]\'y$?Ghm^QCvbw(20;N8y)WuO8hPe\'p!PO{+zF5):E6Dg>&b$Q*>zXy#O~;W`wOgC>6NAn:[:|Y%#57N CJ.', 'O2'),
	(1035608126, 'Rm1p-2CIl`i#z\'O[o|#TnXdv#g/\'!wQ",y9ex:#}FRD\'7_lJ5A;3G+0!zD-uFVZf\'avph=oVfj^y&x^yPhVXWthBRgr.>Y6.v-NAA,u/N8WrJDNVuYqv%{Yjrd`oWMQA T$vyLl|aE=(Mv^VFJjl.85EFo(y("V2U;AfG{U', '^=6sAmOzw~fQgZ\\Vt9nOmMI?YrsS0,]R(fxO?i;L+&jf?e<|GnoSkM*- {kR6D %|&18gq8]R^ady5)MF{6+/#UjHB{L2" D\\>}J#QWjPsx41XG;WhC<-Ub3F |Y37O%g.OF'),
	(1038904976, '56Z6W7"{"bKMq#j!>=LrT2C83:D-z}TRq+C^%-IeSML8gPi7D)3\\ahPnzmW7*1f)`YIvBPnV)d k?m!;rps+UR2{[G3>AG)f]n;nN_eJ>vJDy),PJ<-|9?N>>xS3t\'R7]_7A,M51;oN|.Ri]g{N}YQ!GXS4', '+X nTiLY`;~RRP2,d9dpB.4\'%{~aK]2(^DS&0Vuo7}:)#7w&YPk\\nuM=n#2KCyf#?v9x88CFZyuE7YB]{LtzZ"5uo\\ w8AN_-\\ElQhOr='),
	(1048140179, 'O1Wn9\\rm>?|kt}uRtZX,dKH.)62fiEeLr+!{FLC^/|)3r@g>U3c%F4s}HXiTy4$iVjJq9QaQS[a1w@6(I=v-Jd"(:;a6C+Bm #UlcoPZ{\\r6w5sK|-\\KZg/q{iUm^mW-3y$1yH8!%$9G\\aQB;)A/(%AOy3Uw7MxZqi\\IW9-WYZ%Ecq5(+nQOI>J', 'mI@fMcqG9~$(]9+#Qmv'),
	(1059079067, 'Xx9*x}*hMXs:+[7Y`i:G(:P}u8G0<u5k4#,|:R/5IZREa9(W3#6rm}FARhsfanmavEMShZ+*(-%b.|zV92/JE<fnzlU-', 'XS*A6xjV ,*>S^~q:!<o+a.5{VQ.)Fz%M3xCQY7hu]8_BR.Qb4=&@{TT04seTCp}dDtvv/#<}Aw>Es+9d6~5,[lRT7`y<ITbPEP&ggp"A3k)WxwYeTUdJq^44Q!`]Ws_ B1(*&{`WJrJ,y_H+F#,z@FRa-?K,mfc:,(@g=4ucVQME0R"4i;- :y=}NDKM.(&F?9A,0%22?Fy{uj(;J!X`Fe9'),
	(1061698084, 'V@c!J3[ t\'H&pSj`tkAv:hXxXptUPYZxh-8;@tv[K}]ep\\[iJ|mMJ;yYEyp6cv?"p$BT!P&@&kw-\'J*]_8pc0l<_$79F;{n5^WTg )#7#N{84pVBe{fMbzg!~5FcI#@/6;F2jIZVDS%xI a[#Bs%7,6b@s)dj`K*lfXXj$Capz)v@AJi/jc({RRuxcgrH`(}nOq%F8g*p7Qo U0ktTi\\|)4{:gAMt+L@x/#&}- LPJB6wYO=5"a', '@SdBZRNk0@/B{> QlR4V_)5R\'aIWCU,E'),
	(1066877085, 'cN3Fz_W#\'{+Egv|:-2%nwKGyTvETi;X}fyJlB"Yuj>jQ"rbf6Z"J&ndr*\\3,LE{VnFj[\\@`N;I*\'>"+k&GQ-Ho.;K&|)$$G1sG7yL}$n#Cd-9N~-HR^<J[tx`E.X`rFz)qR VF=q4 EJ"s|vG62TXJMOX^@M!%;Q{ty=`+OQl$%K9KYb', ',PeCZt[mg9=7D<y2$JPSf~`Q"h?2#>Su/\\o;QKxaCnB%3Vgi0]OvzX/r=czN}I{tW7+p\\vyB""X_I,w}IiAVPMf+(5rC:1'),
	(1067946772, 'AB=\'q9Z3d^0Ay3{R@v5`-fz8P\'QHe=3%~8jZm<;Pd,fX_oFm:Ni9wUO%4orsNSV#3#sEJ.E[}#,GR,Nk\']?\\YYG"FCcwt4EL\\>Zs|>9', 'E2?\'^4`0881e^N`MWP%!%?U0-h)xU$$HSxtd^Mi?P5foMY+sxXPOU0:Vi"PkABcSd)xDWTv:fLL]H)DoAM5XJ8(fki\'+H%(>y\'1}zCQ]\'wt9kvx)JS|I1DrG_b/xm`l>tevAc*GemS[/qc'),
	(1069601961, 'V3ll-%CulzpjnU9dEnH7{e/]SS\\IP8]VO5', 'Z(>lJX'),
	(1079372651, 'TB)m]i]di19gjLw@l!U3#ylV9HZd9_9kRLGi+Nk7Yp~}?BDfNp(da QV-(}|N78w}+;YX?<B!iwp"s7rC@|,/kj"Z[o6Js"YHg6haBsC}fDtv+L?l#8Jlp`08ajA^u^)PM9:z(Kx,gfbI.gR8/K4n.ST8*G3~Z}N!-ygkO:"e!A~H Uf@^^Y@/|(K{Cid7[`s;?DQ~mz`v', 'Q)\\.!k/F?Bio|>L9,Q!yH1.~x@Kn@Q%p-&}Q9R"kaj@9i|*iFI&\':-_#f@5>0J8Sj?wI5V:HWE_`A0QSmwPy])O&eO\'Xd;P(I:;IK)_GJq ex<W9\\lF2fT}3Fb61ZO$y1aqo@H_E@g&A"GB]8>g:Z-'),
	(1080176607, 'TLYdlJMI{TC(M@wH`5pRAHd2U/J\\hr"l9[KH];}@wrm)379VD6q-.T^u!37ZXHe[$+vrFFPWLm}U,->{U#yvUvVUwZ]>h$a<$XZ@h,\'&S~2sa{0nmOvgXGK,F{oVg"eqn_"vSN4:|H iwsuP,M@IFcr/O89SaqbF=vAPe4y<NY9?Q4YDuhWS:,of+|_`>7L.nnVtIfmhbN\'wnQH{t)fN^cwU\'"!m\'\'u@*', 'GYv4wv*Ll:nUNi91aO)14t\'lU&}LvA8VE(SLnR+E(J*:yMW`%^@!<Uc*oufcDVi3jSr%]"!Vnlzp{il07p3>;!J8Y*`?9ST+Y%U4~@|h0%6YeJ77Jkd}l5_{xmf#Oms[aNJv~!%0V6Q-IE]EV%~R~k[F*KUf"&FzVWMj=/5Mea|3=S*)?!>5PrN7gmDVn"5:Zqf3)N>jX,FjVw/h3r*#Q0<V`~(ptQiiucM5#9)_E'),
	(1089361774, 'RN"=A9XWby`G-9/\\aX1dLVeTAB:9J?Xxp{+(-^YjO3y>?SD}ysMLU7Of^55\\W8<3gwPv#td"%`ChM>f*XF9LeAl><pSbPUv:%tj\'C,_<(Dxo"2!8\\Q7Rsio[vl"pz8HQIT4E(IZo_zg_M*vFtek|L79;K@`Jehj$Dfl2di2,0b2GJI+>!` ZUH027>cvdtvg4H7>@{N{>Tn5Zx9ON-`okp,Nv5R]t', '\\:&ax+\\g A,(D;cex8Z%=MBy,WD6f);.i$wk{NpggY~SqjWB^[TM)y&!\\/{+/d"q)7W,-klM/:YfEw-hwH7[z*::V08<m{<<?o_3}{u@+4|4CwC508OoMFxo<o3rw=F7*Q]aaF-Z}OL\'B"?MlKyX~hT_\\Z&Qt9_p(kmF0&\'PROg,-N0X/- RPZ6_r9JYC?S]mu9;$Dp("oqj`V+&U2'),
	(1090900326, 'b 6~2vxfJ?u)cKB^^pwHN3L][*wSYVb*r2dtSC*1Tp(7RM_J<0.82)Jj0wm#TPW5$=lk2M%t@E`W|,>|z"R$oKapVCY>#@U*>~\\p`4Mq\\M&HS/zrW]%15a,y?;:cX!:9$TU2Xx&p', 'gAZ:4_ Oux&6Y`|g]Q&>CkKz'),
	(1094072965, 'H>[@T/8 5Qf_V/Kq;,G?/zGn!G,/Ev+S5iOj6~sq_7Uuq0=fR=yCy,u%-"<%+;)"VFVUG* \\L1WbkjVijtEne0F2b3&{s&.@UX\'gikFwpA96]).=8u@A6CrkmB{D_,+Y&SF+Ot`f>*bs`=?b|3K>][,qq:/%RK5oc:%+=oCU[*\\5._l2`NXlaGtoL"KvM(*&', '^cxH[s?lBJ#BQ]$u;eUXhg[U#?(U/k6iB-HXqPF,30>\\9<Hzy}(+=5Y<"pxrs_::v=0&`K]1;K89H[Ns\\ZSP8aW-)g|KQS"*];LZpk>hXZ6[Ur<OB#nVDImi[HzJKX>ce=:S`P2{IWr$>^vH{iOX$Z"/Arnx,Fw?0d<\\&KJ.LzxvI"? )PqD1<DV?gf$%{Sxj"v5NEew]yIXdCOB8(v9=HQMyB%ynYs;5s4'),
	(1095370430, '=jb]4@TV><<[M(5o)JBhPaFX,]vu@3|\\', '}kpm"s&NA`CdWt\\E<u?5]|),>\'ib.\\^&cS4ia#N@\'YtcFn6b>^&0YzaX3|O0p.L[PNsLY>e9f8@1M]#wAi\'h$\\/=\\+ 70o()'),
	(1107681663, 'ryTD_Q$@1pG"WUVIh\'p(8~YL|d--f=TI#^D&)M-/Mb%Yk9g]#LT)i6ch8*i]!ae@XtsQ[>BI\'M{t]dP S-xu2f#tHd="CVI!*F8f[cQ$rAMQcd3:?\'@.1jDiSb~=M(i|TxQSX$wNW~5L5877k8w?VA(xT`<u]Ztn:,FX0IGlsO\'"$T"lgUSi>.~L<f"Oja{7$]KC.]A\\<G2oa zwFpqZRUK$QG0.O\'', '|~&y1J2X18g~n<6L[>w=oKcAwnb&4}g\\q^vw/'),
	(1112715885, 'GB7Wn3;%B.B7fTCLyzYK;<o++N<+|k"`f!gl?@G"h:ysk\'m0HcaUl%#u\\!Ibrf85>"WIbip`osA^K&hIOO63"0X2,G#|A"#x_qJkow%Gs3,,mvQU(dP', ')CLY~Wz)R%p&U<\\D_:zTu=zRPT9=?&F{4J}bF8/x#q&D$L.v.JmCd(\\n]S%s`VK V9t|<|n !}z$JlW=5%=,t7+_u~p{mXqIEi:vD*3X*X^dA(1`srP h?RFGYO]coG6u `w)td^OH5MWI'),
	(1114005618, '<(KtYPIL]yDBAPL6bK^0=RB]\\r&RBY!i>/lVxzc=v#\'> sqEc>', 'fI=SII*HwTwv~_;i1)^Ggfi*EJ&eWu0-42}^Za-;R{paCk3wq]]O \'1Kqr@0W!3>pir:GC2\\P/ciK8"eNx\'\\lF1T5gVK0t}j_3JaT#Bq7(Lkja:_f+83CnU9;x:\'0KK4M?Ap'),
	(1115796834, 'oU,(C5*nL0UCI! /shi-.zVyZRwlnPIsCe6ftyh6c:c}zq-7(p[s<H;X1OwnV}UsR|@)pB8=OIGf bf7Us8JFnH"q|/Yr4N\\+]}A}NI_q"F`dOR)t', 'z\\B~zC2"pUhhjA!L`FpKrJA=r*RrIhe?x"trP;'),
	(1118221121, 'LB3aFh\'X)6kR]E?^"@RMz}j0}G;g)kALL#G8-K#x  \\Q{i|#O"\\Crjz:[j/S<:[o=4`wUK-%74\\n`!InNU5s3R\'^,0fs2(]\\|eT>3@^5CTOt', 'e(g~l!YC1Osl#aw{}Yc}}LSr!Oq{f?)7AK7R5^Z\')2f~w%jUTmVA|g+[d6YZZZkM,0J-oaG8uk7#H:S`3iKZ:]$'),
	(1118377870, '06}cjOkSNF|z9[p0 EDW(YO|}tRDt~uGapV&p2y]|Tr).$Bh67', 'do$VzZ@N|}}:sY1<h*B!"sAg#},E-MY>'),
	(1118475585, '6(;w}H5}X(.B,-p`F8JIZB#eHKfj>lyd>$0BQ/yqt1FAGy^,IY0ujQQ,/[HZ_Zuf\\Kx|(!obArTHtY8q8-&GYkq>K@J,D,KIxwp-}<xN:V\'iqNi>YMYA7w.^Dm47', 'oRCJX,bhatG jmQCiLbhn1P.}-`">QlF(5n{3ry80!sr(!h9JftOz(0#B0,M6T]r$fki) YS$8K4+>S,A,K*6L#pk;{q}uQ~dKz`/I'),
	(1119172869, 'n6J/IO`\\q\\dpSEk"S$mg_MByIN%[M+NT/G3$c*Nnw/wbI}wA$omLJl*', '[@}7V,5*/r-d6A!JEZBmyC|m"n?!qT05\\0,R'),
	(1121548541, '+HyAhQ|\\XY?XE^yT,q31)rsgau6map5-_Rekwy$Pvt*^;H0no* M|we8]4s)i>@~SF6.0tsx\'REnEfc/L$lUWYZ4*-xI~t-3~4bM<*\\b@eS_xXiP.9xqKM_,|"TO&%R2TM &)JuSfO J\\QL:=`>!./GMu$%]6w<q !_FCn[-', 'aI-g]j>YRVr6Df]=6r|9-'),
	(1123913914, '^0}|9Gv=c>%1*B[+P\\Sq-_Z|tU%wxn\\^I_97rrv|#2us0\':i]7X4#-7uRUTE8viC\\h$Y%ivKG3bT:M8zsKT{s\\3G 5 )cf}SMvRK^`YS^f4D$yN\\xG*qH; TEAF=U"k-gLBJolr#\\T-8w$W>/1EzisFCq0`%w\\Hanb^P(}jf=m-r.Lt Na U=l?{^;d/bYl1_e|n7b^Oc&p^n#G4Diz6i+xE)aC3_%U.kW@qJ\'}/z7l', 'sdu~w/go6RTiXhHRE;#^>24>0sJW5`R@$]jugL@J(Bf6Z:Z5<f98xAR36Qz]k(Q|v%3~*2,I$X7ueE^1[~~"ti]gh#Y6!X12rA~rkezK.p#yV`2"Hf^U$#FO4*d;=`u<.%dZ1C+FkC8Op&o0ZqF{m\\(4D(kb16!=npYq6<FH`&:jBv-jv>(q2xHyDwTH3Uk#jS[eOU~}nL^}|wZlq9'),
	(1124039075, 'kdpm$1.@`<to\'PYEk;gJ>gO_BE,#_Y.#}krv`M9COU3:xYK!Pz!c#wfW?J1o2o6*X]~A;flKD}XATBk$w2S!mwtwr[BO9+y)(H99sww;+Jj^6/xo%~Zg)w6', '(GG\\FlHgU'),
	(1125110897, 'ii,jDlMWYWwBSMndG4?&+nU7k5LnLUzja#!w[pi3:Il#N', '~u!G!-$m}dV?v*e{5o @+4i eAo0LG[Omg@6KJIc^1j!2gbE6Khd|1j'),
	(1127445096, '5WE=.i&L"cz\'4k=YP\\)szjoI~Ho*WHScgn]wVT(Bm20XWpORYR5', '8]&|:N#XigW-"R{O4Bli#+=.i"@(Gy] iahOk5@iJh(sp-EjZ9ROR0`o&)XB6bBau9O7\\Nf$P6n3OBC,QCXc,nLrJAV=ku_O5dwqpr&zRN0:a.XWskL Y;_YXW0m=t6"U'),
	(1133826752, 'BO *hc5qqcg]})ydmcnxoOg56u|H>Ju2PFdq<NXh",D.1', '|lUhBxWW8!Rwf]Z{;Q~@6./xC!P)G|lrFRo{; dk@cCg+r7J}`He]nDU$IA0V0|)TtMt?<r]R?gn57cf(ZCkspbHai%3wI%cm99r()B1yl/rUPbcl^AP_>S&zZT<p)WkaJ|"{p7~8yPsw)*6DSpYXQ%V$N8m\'-=PdV953*8+gH0(I#%40A:X&m\'Qki D^03 S5n*rZo17r}#W oTZY!g>g/!Ui*w{KGJs@7\'r2'),
	(1138257539, 't', 'ui7mqiM_$rJCLlehnM1bz>!:R<%1IF5%SUQ/LFq_l=X7k^hzA*&M.UE<uz<;0|]m'),
	(1142429860, '=L5Ma./KxrbWP-:MGf0ksb8#~QDn3t@b:L<e,_/=rQ:zczB', 'd0[sOqQ->LH(@tD'),
	(1142525528, '#2SMG7mPPQ?5@S|U1\'BicMW4|-?3\\O~`0`O[{R{PDxJ2C=A+2 7_2i1{iVnZ,', 'w,0\\j!jM/\\N=CYy2W/ubt`cm3LBqDJOW}9:gX#dgafuA=|D?.UPev8N#fPO;D"286]5yMeo&x$ZL>vhA.&dv9Pxu{9yx#lBa;e.E:iG,?0Zs;3pF5Aa=43^s\';D[FCrV@sbX1Nw`G+lS'),
	(1152202064, 'Gc 0l?$0Xi,ip_]@_U*Tu,rZH; Mvio-<,"S>\'|nobC~i+e\'~FJAKncB5|;fK/"$E#J iV$\'Oc"34?G}5>.k% @W:*', '>\\ ;8U\'G`U1y_*p+{xKI0yZSk3S{eX)6A#g`AY^wmjju4^E#Nsb[3_>gH)oB(\\[,[On<>;}fj6hf6VxL]79t|u:gu]hvt=]!V!dCQ@ Q+H"t+g9JyDD5m\'%?TKfU5}Cn9mt.cFGcNV~>1RQ=Nr:bIY!+rncm(N9nG?p $+dYaWZXWd#g)M3Kvm9T'),
	(1152456634, ',\\R_}BO5^8]7R0<+.,5#2vpq@\'oV[R</YeMT97`!X(a ;0+U|d@QmTn4XN=WLKu`~o {82|,*\\T(h+^JF\\![V-kL7J2{.cQAZ#IuwE0|+u+:_$yBA_$gAJE;QEUZ\'\\mmF?T^Ra<|\\95(W+eI9LcUBrOBb/O3Me+2qVXjdQUUeQ]pt_L<1[d}+H0D/}~0F', 'O*%R7(H!C4Up+Yk.>)eW45Ona&@M#dd*be]r^_xwBEDkA3B.-N(cogaBP-j^Ql-(1es+Gpo[@XO?|6JFO`$5]93!=B\'v?/4\\+<TcU6&.@==jW\'gl\\?y90ksC|Mw#;<<wB,%}Zeu0W%:ugqlBS_bpDVu`V:%31LW=O'),
	(1152677843, ':bJ#AYAZZ.O7OM)diB,97K@-`/sAoR!KQLDCr&eSAk7 A~n/\'au:<v[|-u\\Ews\\_eBTq', '\'uYO$f~q@@ZyYA[uD177gq8AvP2hWAETTh+"Yn<rYEj=][~mNSKhQwX^1k_,S2yd@|7#rqZ+<#cfWw,0m}uYb'),
	(1164357202, 'rA\'^$/Ky>"bPL^U-C|UW}k.mSG_V*/+\'55{T5"=kR.-1rSVUGM<\'1PUq,CK*tbB+$glxGi{%`[lBB_Ko\'/.%B`0O[2G$-~P<yA^O p]7>`cDQ4&T:wGBX(n;Z<RYo;f~YqTe9r=IZH<r6"I@~!@Zka%;<|48;QMVkOKs8XW1:rK_dWop:,+1cS*(IIAh*4<IAs=xtvlW[uTwS~bb9=v3urw', 'Ci8-;U#}5~|_uq!5S>C"T!cW0~mVh!-y#|d`)E`^F7;[nZ}7Mk1^{%c1;#u|QN+fvu|w/0Kt{G$*(N-8Mtcf>,h2~]/o6vvk(=b`H i,\'_|1sx^H.&)LLy.>eKWBi%984r%"/]8r|Uh`7TDEb`|>Yk@="L\'Pqq]mR+[?}MeV|&\'3&\'sBtzF 7^ uM(P" B5]pNK1m'),
	(1164376063, '6~i/ly[jQ;[qV&X>7"F]zNs/QyZ9wA0vL@Q@,Wz{\\6]o</c}{8>t:1=QB>?uVbF(j5W}TOsMy~ra\'QGHL ]&m6!Sl {#&hgZKqA"(kF.}1m!.A:=NdxmyE!+XZ{_f-Tz,F 5{=#E5t<cJ*rE+jNR0&maD4~,VY,[q}O0NVk3}^F QJjMpSD', '-DI;b="&4/m8\'\\S<,n3.MMKMU1[MT9Kf]2JQys:Ku!~S\\GXoQ}@Col% FE!DQ6?6\\"tWJ@6XTS#5d9vsEbiZ%Q(nR=X6HZCb/+A5DU],cC@1{,N=^=V/#~_L$F'),
	(1164705521, '0Yz}9BdPKHTJ|@M9%0=', '9do!Jj<&2g_Zp*;`G^\'N-EDh@U nr*0AEeGX3,O4?.(@+,b7Z@{oJKQppWzP2*M|6EKde3t#4<Dm3\\F_" `|w/(6EiN~h_,2?2rbmp%7s5"<q0O?"U1T(,ZB]=v]nqzvK}-~8}zT*j[k=p~)>9%FT\'~^#4_T-BZL`uK=uXwVM]{{?Eg;n`TVqkSLf=?M}Gc\\=I[SUiev<=w03%W^hbQ;[,w*e;[w+nc`yF&i+^N)_+TSe'),
	(1167412100, 'W;Rh[M#^/aCyD>_aqkDv0=\\NK10zK{]:.0Bc"7g6B!%KK|1g@{V~J0SDYPT!qa::8dE0^\\R3}OrQ\\*/+|$6a{m;9X<R', 'Pnx|xL3L!G-m#Z*|\'v;N-Bh;x]m4TRw-#w1]F{L<R+1G8C^VCkT4I5YHOotD;d-3Rjy2+kxkW\'(R%:{zYJ99^{</jA),As1&SNI1eTFGQA*lWB$\\;m(9iwJxqsrw{TZ{#C6l\'om&\\j?#_1Q$D'),
	(1174154445, '#5+5>n[[#lgr\'Y{+Ju^KD^h^EJIf,S]Y^OQ|VLmY"@|@MCEZo%"7F=KrS:">+1VX;=#EufsO^X}*%wj3DECLNO3?.sN,2$>QQP<V 4~2k_i|99Y2%^u%Y&[-6&.Wk2Xa5:Wh_QhT#PKK#!7D){L-iyiERIKkt7{pQ,nL]C1Bjw>goA}}"eT$#.(*SH ', 'xJt4luVBdYZD/Mgl]!|`Yb<<HhC9T?OKuVeIdg#>c%o?)]>6zA9Yt{L]~{pmZ5o_> eZ40%JGc p9_bAg:l@0vM"m}*ZR$ +1b#>L *!_X^T*\\e3X:Gx#<EV~//RsU0K"1`VxC?R>me"oMEPNHnr='),
	(1185055506, '9m#\\P&I9t=9i+ucQiro6\'<Q:uK{1eXtwSl?t!.]VW*FL*%sW25\\bTI;.kPFrX6;x9-pfqZ!mZ#FT?x!^mC:#a3m0%XYWu', 'Ch3$VI+41Sc)0t!|ACb{{[5^BwKuI*9,fl3+G}dqNr03%Zd=AE|&oYd!pNAQ'),
	(1193056425, 'z_):{I}]3PvP_77lxH-n4qSJGB7Adtyz3}CF8^:z0KZD!C?IP\\_HeiXLmL.syuWs7lQVQ?hchMCy)_zHCcRx_>C!NjTd4Z5t?*n6@9jQFP9T*%0~!wO!gzT>p=e3ZE}S`|"j\'&oa!\';#RmbVv[d:Jzw:pYq.Rx^YTR2Wo3T7#;?^*QujX9f>"JI', 'wl"kU4^\'3"mvPy`uHm..r+gLW?M^MB2A#\\2p[W$,yej"dF.\'`wGb%ps]HH8iXNGkbC5KrdQ.$#@-uO~tiI`y5<VT_5k(vGLWtwq6cYIdqF/H5!G05iCy2Bf\\tJ2!gUr.,ce8'),
	(1193829219, 'mx^r/<~4V!K4xSRYFw;%kV8$@ UsR~U?%6c@$UBh22sp;f$3DjgGa2T@bmBy;uQ:jF a8;ISJ.3*,"u7u+g"Pdx^Lch&AA?+ 6tIoY/-`GM mx1zOXtdfOK:<mm:7rzN>dc35V6{@55)UK5tD$hD9m}:}|%2DGYC %n_74.9$QOSL#\\zCQ~!Cx+VJcT~(Gi\'{][Z,O,,Uxt$TW:B{95]c#5th:rJUf36f\'NtLB1KikKxbI<^8h', 'J@:Jl.Z*usexlR1oG:`(|d0l\'cF\'e'),
	(1194461769, ']=GQ>q]jH3)%"e6FIy<)OM:$YRGBd]7_1qWa{R`8S<RXr0/]sU-gMas!+xF+@nZ?jj+)cyJOzH}9l4xB?5C+', '6sV;\'[Pcn^1(2tyn7\'\'~.V_3]'),
	(1198963750, 'X,+XywT|Es"{cz|%*n7:"[J?\'=w8(V,(_3A&Y(t16Q-?Q86;>]6/9cw7', '%e60wIDxbOx7"=}-p^Y6>2kuRij\'.jS@Z~XSSQXn>s+<60^?D*q8F.K4f!</s]'),
	(1201727577, 'rrT$q%<3/+ke|M5_!Qdrve]mmEab[0NpS%;GVck\'Ck5)V3O};(YTf(u5p7trPFR@t8Aoa(eBM$13TU_-d| `\'d"Zi\\+k-)2fq(5UrN BB4^|}i\'m~V@57(eE~J*u}AEUF6hmW$\\(I1Vj1?frpCH,@Mr^H*H$eYcQQN5h#dk7ZJcPh+<D zK=2#G4O]WVD[AT2c8R5;k7@&hHV<"Z5y#WHaPX._z5/O0iImw1sD\'4U`;;fEo%', '&/iG5G~p@k8X_]P:mZfRH6zhPi=^5<E{-1Z>8RAUH:?Jrx>im24Jb~~uAU,~|ZO$!to#3H;j9'),
	(1203034169, ',O[X#8<M^m}(O5-L=IDBR.3Y}L32z~j"MOfCQJ{\\=r4x"PjQ\\-E2QJm+5|i\\Q~F6L89P@zIpNST?M!Zi:ru2#{F$ykXp2-J7yoyXn;YQL+i%&]PLnNV_#Bbswg/%W5B.gDv1%jRc$KS?7\\}&uyNu8-VkL6m|QG48i-ahvYD5T~InhS14+6-)/\\!`', '5ne-.g%tG2j}dNTjft^Z6wg-MBI# 1-%;@yn8>9 We\\a|=s*;6G\'yZgZpH&t3AK<RD^5qzj#* b/~K)Dme+_1BM4Wz$P&y]M`tD7D9d'),
	(1204193348, 'Lk[aUx;`?A/FiD\'h+T/Jw^QOf&6T6\\R]Hy##JM]>%47ZgTFx7VnfZ= MB&XOBB9V4t..WN"u\\3&-Dg\\>t&G`Dd}PpDW{Za_-~|Jt+ Y`7Vn@NHq_V)5$*Wm_Lkz!;Hc]1QQN-qE%j+<Q>:KA%jZ%XA_14W"\\,`c$Bu Wa\\4Wm+pnZ;/', ';6"9Z9RGiSb`?j<v?M[2hcex]FG?S`#GGV}_u<6rR!IvRBJL)\\4e>1Iw8<P}d{Kgjy\'X*5H0Vm=|q=LWrj\\!7{]R@\\4[5u-=zO}'),
	(1204215705, 'BI5/C3/@(iv_$AW=!l^^e<h5 `J/n+c0o3i0:oL$;8s*#<L8=W\\\'C>I)3s}$N6j', '|1t_"[aiV'),
	(1207620925, '5eH93MP^cVhvrTLVw~ogJmL@:HB)@@8%g&1Lh<T(F`9\\%dQg"b>T-Mzwm`u|}\\s=+!)#%)na:!qR"TYmI6g#>ib6S2Etw0+v=@Dv(b{X;An~3)E%}iDMe@:.%w|@+SC\\T,t3q&!r2>Z.U~K5no/C.ubJh]vV#xvdBn*9E1GSPAooUL:R?7\\DB8>ul{[M\\(snP.0Zg/}YQd3S1=2\\01!G/;v', '\'>]bHB@)%4p~}.x}9RWPwuL\\:+,RB{\\#9|`UG^5,;FT@.FpUTc _l0'),
	(1213830137, ' G:x2.$IxaaHqc)`0XNJcv};iDNF?"n4!_F_o$o?h$A:NpqCv/}LGYTWk$/$@P#9eh.QDr6$\\?L*xI[&_$2OZ&_sy$yK7kf6:0:8y#_Z*7nq18k^?Rn $uX=:X@#IYvskK{TEjdj8$', 'tNLF7iy}H3NdeGPf\\Q}0-I9h\'C0(}`W~#BP.'),
	(1216424010, 'k@((ZB1)B&&/>a\'>qHVJi01Jbf!`x/', 'v0iPp*)31fb'),
	(1220190296, 'hFj0Js=,L%*0WvqjE4b986kq.WB~oT[>q0UQT[D*!s4dU_?_<*r_ne!&$L#sk/T_[N"vy1?BUIxc$EwBW6"B@OBTA@IUM iF&i,O6~3Ov/4D,{rP5sTUifaqX6c+\'J&q_b.%8P*Mn5r-[i!Y^Z-,;_st8~leODl6>6d# 17a!WQN#ef%i:mT6Oy}k0SiA7y[EVgMcPvr.{]*V8%/wzx}4MynX.Rczy}!c3R*l|H0qoPl,:P)t', '0'),
	(1220965256, '`IbG,v,IL>)=w,c[u(elP~Wuk\'pNi:x04^aw', 'Y#5{lnjJoX>}zwS2]HNNdlg&+A<znmq~DT2v!MXu?(KN%SvIEm]xl1SWFYbd>f"!OoK^%RB<$:vd+17sd2vcU+jyWmIfgMn~4)NOm7sAzqLC0iUA0\'4@!TVK[dOe!D>+m^/byf#NQ&i]LTLs;$r>y7-. Ydp9)6iYrgLpytnggE/V*6cZjX&tlqgf@ray\\tTu3wzbZ\\2->g!9Bk:f M|0]6`?EV@d=95#2b9JAW,ei3e]Qb58U$Dq'),
	(1223329898, 'eQ?V]O6%kv>n](8kyHiDlMX,2)F1lC9m*t~>7I[utB"C6 *rs"7j1Pyf<2p9%8PBBA]An{`Y^3zv9dlip0?j(X_ycQ\'MDf+PK#^t=/[]D5h.2tUwo/DNsq', '|NkQ.E>G2tuqE|euPGT\'V==<9G0294)i(j)PGSZEpjpPZF"+d1fMIdyZ8b:"e,evTlxA-+EkJl\\@VR#+l2dMeDsprHJ'),
	(1234829579, ',<C[$iD3xRnlQKjF~:BYhpmobfSodUphO$NDiuF=N0=,lAptU[YBxz/{,xzC`Mb\'@~PKlE+5v2a.^[;RV?pn\'399yG&Yu]I))0!R|0Pg[Mp,mhnv8U/5d RL(y"(Shx(@=&r|Yn$].`HC0|H!-,C72VZ3M|K0Lo)jr9>DRXTaN\'Lp6 =D[r\\y(;(R/(IeDS":', 'e;a6W&&#}f*<{Z#7}|~IqW}DTlU&4XnQ&k:IqbgM@oK\\\\7k|ZyKJb,\'aVJD"mBT!HFE?dv@f)FUNXuYKF]<kP) p@<>d!bgeK:2VhL)z53N$1-U%PiBX90Xo*ErW<nm[A-e5mMuGd#`KO>vn[YDG1C:n*oy|ti>Bi=xr B;`Wk}mF^"Rx~~:g$12Zln4kF{=xa[NatHKnJ]0R/H\\.Cd_gq$QuV3XhGVRSdQRR-,aO%;R9ci>Pf|P2m6X7L-@@'),
	(1238338856, 'mI|bXxjq.#8Y:M !z*U[eEb 7oo?IB@zn!E]4M@\'SU/d\\F/+E!-G;ab@M&4;o)}"^060u!5Z.;P>hx-CoXM)rvX[J8l9-9TTREfl)/BS7yk8pA?*{`cghw\\B\\9iK+1P)*GLaLTjA& AThOcXxF<)LZ+MQe*/:aq*Q6;[pmV', 'if>?+cn}@/%QauH:N"Zrm)1vA*H%<[wFN/at3om<7W* @a"Ku<{/Z<_g[XG$(]&S>%:]!6EM/Yv4SuL(%NYl9^%gnL,>`WB?:}c/8lo?$E6HXPA`59p_)%`wumg6e,22C8K/@w!V=E3V!KF&[(nj*vI/5ynk*!%zR{mLBQDkn?75SfDQH0O> -n9_K2[v|Ql^zu(,"zNv0-X\'A.bfO]W21twO5#"Dh5@Wo`'),
	(1247073564, '-\'|@Ut!TA:6&\']0X|6yCG$h~Vj]~M)Ss rR49,ojR2a.^b>ybzdd"[t@2\\X*Z!$/@kv', 'oFPtO"A74y(y9sXu?^{rNyE)Fe8+&s%<mspCUY8vBmVGcR&eEefZYlAzaovtl]Qa5"}@4kR\']Qb@g{2y`^::s>r%9_Xjv-EvSTHU.J@\'Y#3onc\\./U|2qYJ0s?d4FyBh`KzJ9J{\\c*_,\'pZq4lS@<m[M6cRh#*cz"}d$`ahrC6N]A|xJb""?/(#R|I(.668&E]0"a&-8}avu20|5x'),
	(1251397178, 'Yi', 'W/}q\\4[PRY9!1BakPdzR&_CX^<VV!Z_jpS7V%&eYi%8MH%%V7$8d\\!4-Qt\'!R.,.Y!!#K9|)k!'),
	(1265865787, ',yZ]Dvk_jIsR/(EDsSoj', 'r7U+f]x:WR%"+<of~+J*EaqrqzXa_`7vNFS-09!w~_^sWix8D=+cD0zQPmiwrEz(f1/n#'),
	(1277432405, '%s!aN%A[7ak(R(l8+ A W8P\',[n`kiM8Wkp>u^/cRT=5k#n|dFo`@cJeU>`j&$275%6z\'7Q[fg.@uhbk0ny$O5%Cv:2$:S_Aw5>*0D_U1dwBlw(z&}Zedx=_srU8\\3""C_E\'n6i0I6rEL7&]dG{+-Q%gGgWBD&ha$Xpl5SrRAGsjsU\'"7O48L:"1h|fTg5kc/$9y$Yu2#_N"%h|0NJfus#q}', 'r,2!rEGet>sO>a/rirr n}.)9&R\'5%\\*)NsJ77\'Plr^<.ytNln7hie|Lnr>>r%\'ua1D?dIy#?t&a.::l0l:Eh7Vglw,>R-_&z8a~aF0X'),
	(1280261969, '8yF^`@~Se5#(\\{0E)D$k6!V,S2m2]L#c\'dTZ=qHRe,6TGFHsghylCR&1tNvADbc&eN"(%HV8)3|D*p}6UesE\'=|kuGS90VX>fq7%-', 'dx3-)X1SLGWJ'),
	(1286942162, '-y3&e\',Dq/k8-8Bko6^><%S{7T^1n]Qk?9$M{M%g9L;liNvu;ug cpV~2:.VK=}^%-t&/&uU>7\'\\r53d6VQR@oznTtFj2G7bNmpq<,y_/Q4ERN.0-y', '%oZV?LYLAV"VWux [1(2IO54 6vs2S)QN`w"rcSl\'KrG!ZQGxKOAf\\0"]hk`f&P<R/]\\?XcA"$;Ka"!$)W(m G(\''),
	(1290081192, 'SbQE', 'Iaeh@5=!no$d|6\\"Wck2SO%obC\'uK;*Bs5-g!@){^-i!rEW^gn<+\\|>2CU*PPNux\\/l(xaqV!DlW@ECZtR\\f|RT`,Ge;hR5_h[db:{Cc\\.GmaV#r<597oTrhdTGXD/1v=o<Q|`Xzk[lTLW6[;H#g<2S[F1V6mKN2C&@Fb/XV6Q&&PG::5a1C2Mz.|(KMhmQ8#a$0xXWT:1/+sD)FI`'),
	(1290327335, ']R;hG[eMrq,X:".IK3LYce>n[yvf(+}(7Ho"ML;cQ$^K9-cz\'(~<@^,)iD!YoItoyim&RL|\'9Gp5_i2"2sEzIXOUy$05|R=| qy<yEu{;k.&btt|i?gqy-jsg~|I!~QrXD/Id0/k/zl|c1Yc`\\J^I)Ah53hv^+AKjRfTR{v)rZli5#^a_I&?.LW#j\\`*dt+7Qw0"]+9LhJt,rTt|DpQ0zKuW51YD0 _A\\\\4T#2GWX\'XPHQ\\3BGym@Lb', 'gc2q*qCGr3v27{P2O*35oIjW#-h3M+HGz"rPjT(co[S=QBg,!%hH.PbudO][,5Qrlsl.Ws4$%=bXbWA=&G)&X\\;QZFTaf'),
	(1295287918, '6o2^H{09x)jj(}),AQ7.)nc<:_G8}V-H6"L=ZP|;?FZ<"{R4JkP8Oc RejNRvz>5EZ^+NvtJpgi)lp/=&"{$-pwSI<.W(xQB`iL"Syj??j?y~qr9B4Ey#ei;/I>I@-porl>Jp<zk}hUV5VOd9NAvke@#!",\'\\]EDW.?A!T,|<[yi5~q"U)"EX-o:FWwTzp0Q9H=', ';0R7*x/=kMb@pMAC2){j(42tEX/Q1?k{JQl;Xs)~llfVV/y@w_'),
	(1307901083, '9W#a :*tC\'Pv~GHrF7w=[z"f(r,<+', 'enR8Rrt{@QaO9|K=51CX\\6)L{-q5I!se 3yUN^@DHDf`)3ekevtwfCnNf\\G$Ye8mRc%,ECH_FS<>\'k"l}.mLe&$)<dYHIFFZ~VV;8z(GYGiE8|y4ko/.[<ttl4v\\i&rgow>&Xr/]Ve5#f&Lrgc\'ZzVEqe:L1LpWj9]82K2Bs0UAW\\M~U0Cq0i"'),
	(1309282640, '\\209<i{z9_ a)vYR@ApsT.L~j*)FZVuMuU"WOK6XsK^k>H\\9%+{EV_-- {>*>5\'YO =-==f<.T', ']seL6#mexVAxM}e\'.b\\kAja_T]2^:+O3=!PB&B7{wSVUw4?o.reXm\'RWS)Nd_8(OO3I\\m(z<w32=:_{CF-K)M[4A!{\'9LRE{W*6cs181]y[$;g%kq$j!2^2)}8B4X<f*UXZ&(X6yyrj4Q?@T$;a*5@`k[a:"oHem&e>9]5g`kl)oMfiE4l065j^47_8ht346Dl*|,vG@>8PQReZI2c6@6&s};=7(<D>uH'),
	(1315445502, ':pf],VM 3@gNL~D=@>ZM\\x*NDdQkgFh|+AN[,c?D4Vvdx[l:3Vl|)43(w."(]3@~*3-:7qFzMT7%(PFizVK&/WB4?0C b4D11P5V&CN{\',sPr`7S3j`bJZ? -c#;[Hbx+SyzjT', 'vKk.*;VC(Ej:A2h<p1=bg45#DRe5E.S VB_WvI~gck=k~0DyDZ270BC)KqYaFOF8 qSwyM1?IP6J-ifBUy1iC!"TmAq^|g&,OBm*<^d|\'LU/lzz+T|jU23e!w+>0\\DC`\\ZT:&;YS4GIUP5%5mq*)L$G${%|{HN#D7_IiBk4n2z0 =c}/((w)\'fI0xxwLvaa2Ixm/:]@U*L'),
	(1317459620, 'XYG9bv<50JIW&7+ekRYbsO~Vo\'bB^8XP{RR"}<r|`B7skl^+d gN@NYM7m]x(rF-o\':S@TBT>+85g^7lEK6;Y4NU\'#xrt\\[M}KWw5B/4@B\\hW', '_#vpj/r /yat7$1TwACtMa$2MEb;+SEm bZ14U9{!o,&r1Rm>40\\\'d3:?\\\'U Nc\'c?!JH@v{7\\0i]x|y/1hzU? [X]mE1ISSQ('),
	(1324199243, 'asRD.?%eOG+k fwV1^HMWQ,Q/Lr+N+fh$Bz~^+6`ht3My7bk.n*v;9({552hKVP~q-&#>e]J0AV%eg-sDi%Xy/)8<aY5Vwbn:p', '#02h1q>\']=mJgp6=X8b"L&53v4|^pWm|),{;CVMWJ~zX0]\\GUony}rD*</LLK5\'Ex z5medzdQ\\?c$*Ie3y6R`uLyV)"whEcjNUm'),
	(1327194753, '%tYRQCp#cSsQa [X)IUbnjE\'1~Bib8%-RW)^t8!f%J3vs+jbrrju0E{+2h1sNa}S>H1q~|5|_hg2Y&l', 'l_=-GVxt_sU)#!h)i}!c4>pKKrnj9^0j8GM"lReK;PjUC3])eCZ:3Is\'@7+# TMq\'<QVumJ\'cwK?:&\'TT?w\'rh|{9Hd8f4KP^$V9M;i4\\I\\L=8[--*f%F\'GH/#*c0z!%s~[$Z-)RiKezi5}<rZk]8P-} h.Yet0O-%Y<\\wFvpNTdi: *`8_'),
	(1327392430, 'I!9un`V}dNz03td.s@RX@!qUo4p7*VS`[btewwB^f\'vj}`Z9sm@}o\\ upFZW?4}\\{}b;iO @U>J3JvSr PokN=~>u.{u!h9?[,qnUm', 'L6w)RsCB]ZO;k"*)[{g:ScKMX[T8-\',Sg1:[q^7t&s a:h!%wC-/q(y_ liNQ`ZI0+E{<4+u@jEd#Zt'),
	(1331566634, ',?#G\\W-:%;J@FLOAO**hGL|OtE I!#uVkaGK=sI0Ud%(96n383.Z$]TW{.(9bF8x@s+9-KT?SEgpKyQ5HPwDS9/8#H(W}fP;Nt\'d@idE\'zc~c^n|j6<oPqFu{mzCgx fS\\[zM{F <K(_WY`T^L[|wY)x`?SHf jsDtVBFi8pGB', 'hN'),
	(1333770705, 'L3%Xl\'4dMNHE}N^dxo+?qMa.NB<jE$/z$T-lf7Wiu{aHbBzJ!E>e3H8435`lr~LlW*4F]9*=', '&ASMRGu}h(l%u!;D-:R]?3)oJEmy$h{}Iw3}/BJ) 4G5bNsm$&^Qv~n#`as:n,Ugj=o]950*lGwh!p^AwGk%GX^zP{w[2J.jrmk_bVr;D7)~=rRlp#TV@w|r3 b/#W}^W+E}*-}HW22NG!W$}\'L."}qW]MJBW$O p>v?!kenj[u+KC,yS&$`\\~)G9{m|F AKarU3eR >|kC~w_^Cpwdf.921&sy~B8D\\3[Rq'),
	(1336471981, '.f[tw3TO[nq&dooOaQFJyG2cP%ZSRy_b{AO}!8rSA', '};xE_1*,O:B5JX_7?LUHsh:lE/Tb7L{k]HvKJqT,#jM[Fw`z q8s*^y:Vb:2=+(u} X\\V<8Zs+:S)h;l(oV{{+(;|&zI"=)P77I(<ff OYm|'),
	(1341512289, '&eGiz"TH9Ya6wA6 ESKD}<zyShc\\[@G30L_0\'p(<1~S``\\!%z:ne4q,<TX+,?,+6tcY~\'&ui\'2{]L&YQ`1|F#G3f1EX"YeY}JK\\-}cC[6R!Cl/|1j>P<BCZGN;,:Ym_>X<\'"\'(Rq}I0#}96O$=xjDNL^RN.k9u6nUE+Lvr#]\\F;i(U^^cA\\_QnN', 'F9KI;>Ei.Noh=!2DR Y`w%]TV6t4Nj$22 4!+7C.]t2^Bry`"sfk\'Wefw<q.8)01"+">}`R\\oQ\'?H&s=Oif*wkZRVOZ\\%mP+ .p%rJB[%o5K+U4<>N WV1)uqA*=D?AB<`#uS3Q4,t<*>_npvwA+w\'.TYy/7"@\\L&EBNPHj2H?mr1 4A_!{V[Ytt1xR} uy1L#yF&H(%lA4d,RRI$nIf(hT~MWnNZCONcJ?1:?M \\gl-oRUvMLfFQ?Q`reT3HK-'),
	(1343962271, '"', 'tmX+q4Q3Cs~Cy63.xyDuawu"&N4x$j."4bb!9tEH{a|}vyd6D$wj'),
	(1347515100, 'IhzQs.L\'X-!-{z(?=XK/YbF\\@8zFQ.:02mwi=!Q:e_9#]G*?^\'S>JE\\6eS:\'iN.Ds&dXQ=89!Vn,|9R\\mF]Y3;<,.pxh,_\\YI`(#Yth{iqNu+YfKq8"eHZGiiF~A}whGT@A$,rMrQR00/=w2', 'mS@.r?9}L`-\\7FNV8DH\'Z/0}Xn1/}*B?lZ{qlcBA?5mDG8aV-^vwiv`**PU*%.YEI9}KJVH_:}IJzo|?75(S8+o!)@?}^gfYL&eA(5Nw[BM .NL=<cL>6Sf%]Tt`fGbT.1DB;A3;`r'),
	(1349137699, 'g$%S60u>Y_B}t1Zh*gQGu=\'b%sd]*x&@W|OHKOOH\'b}THZolYd4:zzg2ylG}%}a>-_I3uOT<`a6"M~NH,FA[nj^5OnU?p!+jyVPn\\JlI8pEiH!Hji*ka%<]{teM-#d,;,A?=+Te0n#<kPoi?8>IhT{AEJ"~G\'3', 'eQpTf5!W]Rs:\\s$vryi18[..?]tIg>&(=S+n=4yFq]\\1HVcMRo@yZz73G\'4`?}>pV8Io8cHzYY@EsQ?FhX/]D]RI-NZ(t2KiCF79vfOlR|_i:RsrAOS820;QkhDVg{Gwx?5obg.9)J#eO=g>FM~feEevPxRPo2W[h#77)R?HZsT0|LoLC'),
	(1358251871, 'H}_%Em[nYPYvt]m\'<CO*f^K\'>"nMN ZG /u)LEl&t Z,QST zQ:l4Sz3DAMlgy@vz["z7g"/zTw1k."i]nLru%yN@r?GVUsP|qj2~"AA:Svjb3C{T}zS@{Q2w{]H~z*X19a5)&BI:o4~q_f25^Cu9`:/aIy>cIzU\'6 :(G0l5fd0Oc>1YH,nQB>m-Y~s$Q>wU*iH]=DF', '~Z#S_9d#sE%+r:.]0q4|v09v0kRWd-jXo=ZQ,ka7P)-0f;gM@oi\'RL7j]\\?q:($"vP9Zp*"@jyJ|7~ih'),
	(1358871376, '5&o6{\'$?QrBDnsXQ0),+VO07[2?{|0db>I_@`Gm[4E3pv4M3!?U.n85Q?cHNo3NMSg=Y\\!<AS$`F,C@{;8G!%-97+pQVUt@W|y/EMOGQ9*\'tNj//lF6s :f)89kY wVq`^J2U|^}]-"h2t$YA\'G%,;a]Jtl\\7~TR_@5]x)+OAyL-`--JaB0 W@d@qwE?Snd4w3CQ@!JfRY_iT!`8', '&S>5($R*nh"A-Zx@2Ye8Fr6iL6$\\ ~~FmFeZbIL9?G_Cbo%l&IAoK3G+-)~{XK "zL, t69pH4qL7\'F,<8Vzrp[)OR:h?T!w[7RDqC{pC>pdV\'-*/6d/ph&\\b)4Kdo'),
	(1359833488, '9W(2sf`1U%tx([&,?lO_Mq0K g(EP\\=a>!|-URmt5n q&.B~hH4jIwPlV&nCohYCC,Spd #+//18;:`F6,V*YKkd(ZpWYd-F 1w9|[LyYbHTe74o&kqH_Ic};D% ]%Hdg0#N[Ao@8=&kTA<.O(.\\&>P7A_c: <%^\'t_fc`I.</ka/u<]fFGkw+#\'w}E_v auIrFDyY-,=aVW,3^z{wF(', '?bu%/!(lh&U3Iay'),
	(1369582716, 'vieX', 'hI/2Fk#_X`Ptv\'Rk:`!^a\'l,vh}H=Q$M)&.kSrMG5O=33.Q1\\yN}:0V=|nj,{q8&V}Y{n-<nopZT%}x\'mu0|ahuH_Q>E~" 5D(EzrN13FD/F8B4dFANdj v#&1[=5tz1 X#28q5m]Yl|+cfl9KQRG-,[${s^zs^X0&aB\\7tu$pS,J~i'),
	(1376994475, '(@)ZuqIR04MXsKCL9HlSwnpbaf<NapD|"bt|kj,8I8?s`S<|Q4KI k`IkMJ_`q3db,.)BKTb0?RfV5oQjx\'ME(CBK)E__EJIcTg-nv9DLafH3YkxOX"C 6ny@e(#fi"YkS%r=\\$1#m`:Ybb', '5u3G^06xd`LCB7\\RqG|XoU|=6B"a3Ptd^7}L%@$LRKOEH#c?v0t7=(C:\'4Q/m}Ip^g<}mW{}?k0r/=L}+Qf:O$ox1Hu8\\~2B24V|F6{6@YL]61v8ltzi+f5Lo:vZ8Fi3G.f#4\'=?G"G`aehhFCNCdw_D|8>{_!U/Vk;CQ=Na"D"zy~T{Pkl:kkUQ-#w*7Vcn($/cL\\;%>4AVmyT+qau<_!U$'),
	(1377420787, 'ff!@L;ia*q[Db.~x8\'HSG}?]P#^@oGUI$:v/|\\:s4Vg9KIct;$@%', 'y_Eu.2Z^7V;~Dv^]kMk<q%c&\\3$Mb%\\.IS _8,N>BLfj&E[vbNx2bs2MB~i+Cbt[.b.KH>"Ls,(;Rj}V93Yqk%pRbpl.\\KN%b_<$K*q]?cz"1M_nB:{DTy>{1k/.7M1U`fhBrA19g\\<+]ve9i-|#%HqDl-5?/|lb[z`MoJl^WVFDdS<q9zJ2+t<>}I`UU-9B!-!W9;(!fLs6IoU{Va C75%/[QU?k'),
	(1395333401, 'nTaCq:(SDP},y9\\hl@EhLS)@=!!oNM!}uAR@|,U7EPO.2)s&]c/A,^ >c@y:#<8|,ADMuR<4?|`H-zb@zdn"<f%EAf9"e@fe,J*)KS);eOyu"m@h\'%4lJ%rP<A(O3P<>QZ~I:\'u ^:Z!?~cfFMS^m_2;,uH[< F~wwbaeuhYa\'s\\k*Cs?pHPFNx(wa0e0E13~N:"yTv"v6n)J-N~8\'q7~6*z9Y)]3SEZFS2RmIavzaJ1UCv&Z', '6b+MuZ;*vY\'^G(pB9:#kY[vvY*bG(Ao6@]\'Y[S\\5-@c9=`'),
	(1400617673, '~/}lW0Wi{xS-O"`hw$~J', 't9~;*ng&}:_]Tep?dc5H.Yt`[b$dzykSey&\'NzO,(m'),
	(1405400546, '2ecn_K4T-v||zqaKjGX1JN]t9P2uXL "bJu16,8in$2E`U@/%h@s0kEmlClb[K/I-5GH^&FOe!;%zr|j+,^w}1k2', 'YKazFWKfWgH)JJ":AxbAw6z}}im4_hpmK: $#kzlIAkUYs1NR6>fQ{<g1qk!Er,m&s"beMpd\'[xp~t>{rl1A)6'),
	(1406347224, ',"?e5]r`8t=', '1]R0"(8dyNDZSi=9)~\\F+"47?0K84F2oLTgg-U}>@Z/JYw?2Q5CO%Lcwi1j{oOB+IlMV2S^LPYL#";l!Yz=$PUn3cxzaNEp@g) Td/ca|K47ugx)-E=aPnw2R`/eO*Q2i\\6Qdjv0J3A=9xf{V5jyR ]]lc]h-E\'QU+[2^%?csryq.6\'9\'cg4P,"w><ip]i"<vl50HtEhEO*tNl\\nRUlnnNC&\'izK3Td]:H_|EJpI?0%n2X'),
	(1413500391, '_"8Ttg#\'DK:wGWszwne$<_kvT?rLRm7KtPOnaB+?"le3&n3o2tcyGOdN~qG[.ax}11TO8reI#OK-W\\J~;5.FqLTgVw>j2:TtOXQ -kr;:_=vAhk:mqRjgzSqTpUo@{@&^ej(OrUr{?xTr_|+=:ZgmQ|&[wwJJl~}C&}p.#o4dQbxmS2Q1FI=J{-erBw/LVh`8N#aTGgKW0je}74&e[;j^9A9eBq>SgCilC)BiACmy3*J=A:x.ico+\\x/\'$j)', 'Q+MEQ[yVEiTYNCIs.0pP-SJ+I3 ,RSO!fhW=3=n=9%$hn$rwZ0+lMry[:THTnbBB"YHd,-f y?f}~?eiI(`t{"z3|?/Az\\@]\\K{aN?f=Te-6d5q{~6|P7^J(Ow#xqLx`W]a/uE4QKEpt`Nu+FL&>J\\e.\'ev+H\'JIT"c}I)rV4OTaN]?#I*Xq**Hs*1i*R,#"xybs\\Mg%W2}jf|M\\Y%hT7NNI3c]L}#``o:vLMn5/Qa}b'),
	(1414012769, 'Vh\']?j@3f8G&Mv_\\}F4C;=JeJYEZHI2^H<I2.bS\\N.)SZ ~mOJeV6\\6pkx+|)L$DFnw<PAf;>;\\vT$0fq(-_\\7?)$YpP;$IX\'', '<fm]cmtvJ7/KW\'`8IJjHTQ[]}\'ReQ$Xy8ldho\'r<D\\.Ic/&JN,4jB=|,'),
	(1416232962, 'nn,2"m1+\\uN^`Vhx1l?g>_@`(ybw>V>h7>4=[xUc;nU.[u"?<+g1<!5{{$6.h`IawVnC#-mdNGDB.):nb&INYl-fXOGj(ladwHv`Q0L/$#ZzIBE38F\'WaVeN>CCpBcoxH&I9/teQ?wAo|TL;x;A.k">6%Xa]!mmC`+9yw=Tm<5/5V,jvg:qZ#}wO<!Fgh1h/ U7;QWSVM{%TE5pvo<03=H;<)@ !aO"Dlj1]U ', 'p|%QTwZA/Cams'),
	(1424721801, 'D3[daW"cW8ku0SXWv;j_gKAADEh*_hXn)"4<zt\'', 'G,<FujIt9RtXbe2FOZ(i}G>L7F>,TEF"Jp$K*nB.=M{@\'R^@|Bj)M>-[(G_ZqdNQZw"u9x\'lSM,SB.S&e2$sQ0q(r2?(|>z#BK+~+awMK}yhmbl368zCd|rop{lqiLU:^,)L`'),
	(1434059774, 'aKL+Aj\'*h\'-FKd|P#2$>V.xSq"gmgjJXf{0a?vJ"*71)OX', '~C9q0?RV:5E]\\#A59H==UQXmx` \\*=+*t"<\'He5LREt&LN4s2V~9%GVlIJWQobbp>N)bF;26kelBLbg(,p`-!&QRHap"_T.X0(\\I{(:|oz\'(iAbNXd+dk)z'),
	(1437349256, 'DK[]Iq1x((.EdcdcR*08$QaD*pdVw>WGX5t6EX)e\\I6xffQG-cUcxV>vG,xB x.l-O%2.>,617}Fb]Ai/L#&o~stt|0]2Js%UEV"4"0<nEW3CZ\'E\\syK."TYrB=+r&[{q;2w?e3,[O\'o5A,m"byXJzYg\\&"Z)Qs9Mn~`FM9CV{>|H)PH9{%rP%CDGZr+]"`U?vFhX=O#[z~GpXkTfzY=>_:{D<.g}@^@kd/76=*ScDY(', '\'/C:46U\')mAa2(i=f'),
	(1437370439, '7-]!Z? p=DK@#M^5unVN & 3) /yO7I+\'@h0J@-XE}32*qu}~B^\\~0jG\\Z\\#D/&txp-HJR&o!(q8n$0~]6EbqPmL}[W*C[Z8oXr|zTN!Xbf!sIs*Uq5iSY\'#!6J;N\\N-a|8?};*Xxgwh,.yj?*q<Y.Sw}ZIRuv[!:ovC/', 'a.6.8ZU~j#J=9#8*3{TtT\\vpI{;L`8iC|>)eCR<M@M;5d)@V\'*g,R3|WtX=\\cOgNeoQ;[9Zm(:+(buBu3A!Bta`wK.kQCz\\mgNqX1Kvy~2+V~2KYXj/VvAfE*H(k@g\\7n/uAzRfLTU>n]$CI@WFb[;$4AiLVRHYrjli4Zeldi<`G{sS?O~@ZrIY=40$F-h"|JL%lX0we0u!EPH'),
	(1438111914, 'dz4`9!-rmAwNRQ8 )hSY_X', 'W6~&vkL(#ocA?#$/e#]4Vb.ZONIM#RAx=\\ychK>'),
	(1439108971, 'R>PAtzb!Y<n]2K XH.lKxZR\'Kjih|r$t2n^^17)S!m^_m2~AS,z>C+iHWfN~/n9vcho3;h:b8q$&9 `:~Ha140d!?YkdT$=_)\'#xA#H=lens*OOK[&RU:nzWgOk;+BgvODmDD(~Qkuo3;6_mEjRQ;V>3RkV(9Uw43"4^=Fcm}(z7', 'g.(H!7br@v:!!9XfGx!^#jJyuT~i2$'),
	(1443186730, 'oR=$6_*eE7i_N/7V5bvn5u51Jj(=w-=y9?~8rCT{b?iz/Y)bKj"c./@Y: Ul +plOU%Ln4)yvhD}oA+|!bwg)dk\'SpQOAH&^76GU?^ =(2n-6LS{a\\Mbb+0"(vsGqy?Xn', 'F^xndcD`5Sy0>hla"VwR;on4Q>9c`3+Bp0OLvn}_c*@m(~<o?_%k/zi,9g,trY'),
	(1446463028, '0i)`j8f%Tm\'40f?j!H7BBE` if5%3G&=oxrg_:*EREAmu3<Vd*XR/dkhtsvZP?O% l(CF,Tu3ea>}["eAjcJ;N{==yQ~1ImM&b/l25![bmx;%U\'S.!8o15m#gyvxo1~xZyRc2e8gp', 'N.3mCuTD}l59gI\\DR\'Q6BDIqe,RXr[0fA7|J'),
	(1456602109, 'WI+Eo|:~_Bh:lWXFVqg+r\'?Udr}REoJ}Zq*_@Df"y)*n,Rx0\\8BnTy5!&A9/b{R,B}J$!g1e', 'uR5Gg3-=oIXBK1)jc?^2Meoa*!g;}E S){0NB7DB=v~M;}JDH{l5 X^hq>1U!WcFnS%e"lIodAi%2g[.m&*`hRX}1O{:v@^Z%N} }N;!I~v< !1, ehvRr+%B@uti[YAY2hc&lBM.aTG\\bY/|.aoam,u!; '),
	(1460157983, '?{C7B7aV<?R%6Dj\\8|0Hp@QFs+~v"@hnty6g6+cr9Cu&bw Y~p&H4@lf:`9dKxu<OIu?p_{iU{iY&1pPwB[b!srD(ah]Ed:qkJgn', '$`>W!/`ezV`*iAh4dzCw#E*<r{]jx{y&-Y\'[wBZa5PR#6T{zBlA9*?p9c!qsmK1GQ}4tPx\'\\0|VRu<MK|bOPb"x#jPjrzxs|MYMK\'a$p3=CqqE=/HFZx(/i|nTi{.o4}}g1=Bfo:vrW[.J<X=5$a}e\'(k8;c1F1je66;UG(Q\'"xtim)Iw|erTzw#ngn*k[Yu)B(0?@ike05#`Z4P6|1EI@a,<0~O'),
	(1467327398, '>02`\'*,2Ym^\\_Fa+/)@!u$| +GQ2REZ[E7Xw~PLcTo846BL**BP', 'tW;3&eJ:acj2hqy,9%@Z%Y$\'70wfn49:Yi}7g=]=H=8eKNWTt(2OxKZ^ZwE66cp(=Afp[o>ceMB?n=*Gx;Gdjt;stXe&\\U`@CM1O}*FF.F'),
	(1469754512, 'GN+N:)""c9-F[(#Q4fCN{3$|J.jiyKQ^tIb7ia,>y%,kH6&SiwOMS[Y_rGUS4D 8IJkxPqd1_Tw@t+x0i+utF{?#jZ0:`rBB8s-Xe0VmhP,X[.L#,@O\\t<S}Ts-+kVd Qr>KEd!=UzfeIeY*dB g$8*<|XBk40;]>>ct--|\\o/"W@;@lEc FZyO]=K#dl?C+cvTC=Qzam`Z[S9huw`qu%|fY9Cax[h@^d&t', '{R"33?KzK+#U$BkcRQK\\!T1)y1[s; X0q=pq,1m>c>DBKVqHs6p\'1JdT6>iiB`E2KS]12X=+*A-8lwxk_=`0mkk60vDhknm]vF7YJ/pDcd`Vahb_/H<$KX:i\\d,\\Gx4f)Y#LCicicz'),
	(1472340912, ')-:wEjQB>E;kLWz_2%>e#GM*,n:-N|a=475SA=&rk9Q//7&J* 2")tIFZGfcU&o),0.TL!l\\pN:R@z&4%\'NZ@q(*l-bev5{%<K_;Jv[G)KV5Z~G_2J|`Vop]lm&-{"l:)H1;eP|o[sd8he[m\\$7T@qbC-P&MB%28q-|1JpsIxcC6jM>+JYdbrI4NmU:y{v"stI*jHLz\\~/PHs\\2F^X]g)]T+9UVBl5;GHyO 4IDf4dHdIT!u56)J^$', '9EF14-\\#R_!tx$?xyO.ia&\\[2(T|aue-oT3^[HiF;ilpiq6y@.JOPW;{;+=!Or<WYTBr@??Y+p2hs>i@w{wv ~y Y/$i%<r46]T"hb}xszsrg'),
	(1474185811, 'e)#=#sF<C@N!.z#>E%a$ckPP-4lhLv@<.DfFx2o4c:#>H26Kr.cMa\'vr*~<=$TU.WQmn/NXIl$t,;EG*$!t-2f{%.U0aN})&\'^@vcV8dm8V~jX#K$.&./Ar~5^L|Rci*>,G%|81^"8-!l7mz]8)cxJYIKeeli`a_]N/fc:K^q(.t0:fG64t&4Mwz\'u#Gd:4L$NeQ)@|y', 'M`qW&&|r.=W,t>yO"|ZjB~U+(9#a)AYqs?j\\I=(5B9`/$&^7]\\j57w=,Ix~H. RXH3\'l`7U]Acq4<3,~ ^r6`/I|vv3]&*J)}wgLPxO(pUcVvR9U$.Gts-{2&FP(AWuO)\\Bs,_B/hksu-ZjuJiT,OV7{_\\spL-9("}(21%u*3B*9/k4+Tazm^F})an@Kp8h9e/]Khx7oP85+,0yIHVvays2&=4}lp-HYroBZGE'),
	(1479471000, 'cunC(trRmyBDFu:SP)A&az[1=.VFzJU_&D0O_jdIDT}190y5o(+!YXg^}7v})`8E6A/_fl7uT._#x/^fp*+c*yBF>v7y0M7gVz?}iYX|Kr~.@{k1q/?C~EEJ5y>@6JGSsWU4Hq{*4ZAt-08Q_T#l:Eo/Pq`?!c3HFu$gT7^-s%{fawS\\P', 'qM1CjA{|c6~t_~rp@[6K$<L\\tA"qf;%ieP*kD/?A]Q<-G`IZ;Rd5V2xT Nw,O,KOz]a+s0;nQhk,^pe_\'iO9ho4i &nF%c=@)9epW?O~3d%#-eme5>6?6[/!J-us5K^v+H:Lt}U5F8?S6K3lXil1^BZkaw"8Db~\'9hTQ9r!]\\EXrr$t-?C;Xk4ACwfggP^;~-Z|Q;*B/:;PfRG<9z~'),
	(1484120420, '.xH80D92_}kA#k3G60jM.=;bfcZ5]voD."PJf%V<U#EsS=iC(]w6P!', 'jV+opu#H[(^UwnY\\27~4>?-:l="ny\'6(11V~Y"[ZF-&bWl8PKCRVX{E.6I?EHzpX8@9y,%0hn`R)e !$i?pCRHK.p1UYy1M8TPw*yMISY:>"$a]z}0_%p0{BINhN)jQycrgOJ3Jy.eemX)_f&_6b-,m2LO|2wc->R:Pby[M<M"%toGEh-;;vw\\3E"R'),
	(1489803463, '&lEvIi:w|J7dQIZ=m0fQaW:PSav2kZw4uPb3uQ#Mshs:^se?Vi\'B:QI_dNm "4mIab[r>zZ3)&7e@0]w$}tc9lr.f6Ol~!CJtN1hOv\\2PQZ7ewc]AFSB"*JAt@@I.2woqK\\*rKk\\A9 l)Gg]T\'bKUC*fr.NR*^@hl[PKPqfh:C24q^/YUR:HP`kqh|tVY }~q', 'Z^-U0w<te+X@lo3dJ&1BI>%\'2qRSho#! w*8kQqkz| s(21$_NMy nZ`sPw8&47S!hGl?#g"x\'yCw+(E^,~+N.ay.PwsmZ9y6$c9R$3OQUC\\f]H\'Chwpr.x}~ZqmL\'kPS'),
	(1492887055, '=`19),=wjW(c`5I~n7.F#%CCryt(M>urWZ.3,9S/0HNg8EiR4zXM,q.|&EjBOd_StCVGY$%.1f<kfh4Mq(j7EA[Ey(,l{BzUk^Mw!fWHwzvg(z=K;+Dr+u#d=xc7DdTo80^V{>B,Bv rtl]0FIlBhW/[p6XnvM;B[T_$4L0zHwRbDAk', 'OH9Wt28@-l(%BS!3^Doo`U:0rh`/JqA%9Dc252*a`sjd1 WRL39;DaO^B]wNVgw"kYra[j#&m.S~K/qTXQlUQ[+oM8 4yb.@R;5E*qpKkiM>'),
	(1493889632, 't=gzB P"Ua_oPMX!K]IweMk~bnlJhsa7`2/1Iy\'MMj:+5zZ$zOCcTblej~Ibx16.1X{TrB1[U>sB`rO`xxwD sm((#0)5#\'N`=$r[EES$eP*JH+^vq\\)\\1E>l8J8U', 'rwFv,&B_k/VbRQ;pH(@~t*c8cWW8#G%3APTei:HB)A:3[I0@IM^lup1:NwPq#M"M?c:r>cs.WpcLl<:09f5Qaqdw#9+1uz!4cD_2'),
	(1508547100, 'j{MA>fNnStU*XRf2{g~:QouQxkPQHuhAEMjSU<)3P&cNs{8qVD~p\\)1FkW%zi;bbo~3|2X/K7~4Zii@sW"(11McuMY:GYZzrHE(`0bpyGCMv89K|E\'- WGYwOmri-@^r.(>Ssyb_ty 2:Sv|+IWtc\\;#X3Z<R^jue!FB.vV9eH@^eIlsUTKAr)SK_hB\\vU)6VWDn;L\\!5X,vLV)l7ABgo&J$rO$nAl5AlhuP$fFoq2+x:?V"D=', 'Cp#I:OJa<tuYm5"1t\\,c<<"((xqoztERBVk9<+\\BsN*QCD@"<b<eXIsw/+%>,E*uj.C rK-6h(O%sM5k~A.zVAWU<QZ<85JLV0\'&FJ#VVWr-BJ`K+/s1cA{&'),
	(1516718688, '0nJEuq*{LkV[HId\\0f&38-y?qW" =qJcr%^z,DYDeK&]E}.\':J;c6~0NZy]QBH?Zw$La~fM_\'$!x[XST!Kn^[`fz~/?~V])s[YjHJ\':tb J"aKgktd63|A4{1UQ"oNE/3:<*.", :!e(AkewCwvXR^hand}r;v|SqGVqKhcsw%T{WoPJtS$98i)/"MnF7v\\Le*}sI{<53Ax(Un28lm`jnDT?=zM06N:iw', 'dVonfb-D3V^"z^Id`nWb!!aQb@~^sdMFmK,%Ml5w$/Jc%?\'$e6ZIywZmVeI'),
	(1519288853, '1b[DCg&jI)=Jxt1yHs,\'}NL=&a\'2Hnk{hamkQ= 1gC%^,5bfWhJgupb Wt MQm~rHX,i(r?Hj]3|Ro<U{2dO! |;`LyCSe2rtq7RPG@pY9t|@k`lujG^7N;{pbX=~vUX[', '|~cP48XvtGo5ynQ|04%DR>o/>wCl[[sM7g.;#uBWZ;9BVuc%hvFDJ\'\\l)!5w>M`s/,kMhMl]-jyOI=),).gedHSpW]\'o{]lhy0,B7-(e/9-"m7*-4&):u|(t!$N59Tje|V.n7Q[q"@2DArwo=M{HGo\'o?]$p?Wx4gjD>E^*@djH**<LmdwA0YSWw\')>O^\'@Kyxpr5\'Pn'),
	(1521156748, 'sSx#:q<Q\\Ky-eNP(I^84p^d\'WQm+Sd C?9oJ0uhn597VFkO5/?A/z& u4.t7*\'cqCgA~(bKK$#[o4#VaCBx=sC2">1/G=(|hclDS4Z$ t-lx.VD0@Sydio?($e,VrdYVdfFp29Oag{Z:/RHP&4tA:ymEgzF)Lg:yOELS-T(Douxa.k ]75s#KK@t}~]ddaL^o+30YXLXUCcA}!:b9wUPrG{,P#\\Y5nM\\6km0XoWLSm qKZ4', '714EL,$A;:09Q5Jztj*qVxcjVax1@jZ^|F]2b-:FNw1\\\'`@kd~IHKqL|aI`b@L+L{N9?L<bjN1^!Ak|R>og|Ylk**TS/,D0"Fq%(*a]]p=^,evy\\ 6VOo8yv7Rrd@!\'+6JX\\G`mg@T>%U.bfk^ tI{Rcgs(wRYxc&c~\']t3Qz0s:.DSZE#du,xLPH,ca70`r3Z~AO4.#rK[ag9U/5r|2(I y>m??zO*p`]s@,m?'),
	(1530233249, ')YgtwwH%bmf^a#K#\\EF9>]=9pHTaZLGr![Ic:Qy6&{})\\/&Fe^XURHj)8HPQ=g@g(\'dfg{,5]FLe/R8C2D8{P6WKceNuU%B:s`Zt3KL8)2sg`u+2YA[@~c8yY2+gE:EkLg NhU%l&L9=;mqm%ui"!l~A@fEzT/K?L/`Ao-`P4J&Qvbnr/z`konZdADc@X7e]}D>f(Fb66H+H5gPc$ 4t"DX7\'2pamyQ1_JNCJt1&mh^%]#UF@,/~DG#@}?|', ':J<+]{]E*Kl7`v;CEIga3~.7 3a]Q#^3nm^;X-,IS:s9TF#;H]~#=ne74Byz3Zpb%w?8af3UMuAk2o<`M5@YqJ@#]lo=PMto?K2;\\+|<u-pb@upB$Q 8R5=,/l"y}(R0j{9B[3L\\&2X%kAs+Dd>UT-pKvxn:-~s2=jd,EOY}QSM0?"{aSqgl_g%J;+2ySoL'),
	(1530817801, 'O*>.Y/7o[8BBL4|u\' 1kl+km5+M,oBA}(e\'8dv%6TICEzdS#a', '9| R_[#DhCu|+n&/#Lw"RlXK+|Ac/Q?;,Y:14\'Q3\'#N\'\\pNO3eC4LGLtvMzQq>?=6swIU]F2wOiG{DG}~{ |l]Kvxg=l<\\~4Iy}JzP{WaU2%q}xr3"N][i>7:(8Tiq_W}q<6kT}+\\OLEaD-R!e=G.jA6w4s\'6Wc&NbL\\[Ag1{'),
	(1532547767, 'od]yAg;9eY=FjG56>)-s^4z:*~1Q_r?@h9@a%FX4PQG<,b/i825K>xWK1ZkAoaL-soYMu%P<*<u8IAZD*=$nKp#aG>":y,XC>$o+7FytnB.', '0Uw_2"s2R"|/&6s=7NW'),
	(1535823115, '~OZi4E oB"\\0S)RAa547`N5Vf@7WA*2E-@zSNyH>vg<;:xQuYGO)q>IL"xK%Sl83O"Kx[V*O`[gQh|(Ywt;5l87^;pPvFp^} (3+xbS_W%A^34KSF9/@T2QC~@$2YHiKejhtZ3MK/[QS5W\\Yzv4g{OF-:qd%4bf2s#6V', 'GyoY/])myERWp#Ap{<qs&2c`hKYmO4)?*3)f_/>C+:sMofWsqpd3n.In`Yv"Sp{5Qmq$AP<axV$z?}OYs 9:3;ZsKZ-/1g62AY$Y\\.2w(B6KMtbP2{@lK>aK\'`3}3*Vud[|2-T7]<MOY-,ExI1.\'&~2WIikG%U5r7731a2hl2Qc+tsA)^E3&c#e]H[KPv>~T'),
	(1538217392, '9ujD_CW :c^(M||a!Jk6Dr?""I-FO.@(ZGwq-wcTR5g4ia5hNJ(Q]m)HW.y{@\'UoCey0\'6u_uge~na_@MwVw:3:w9$I!Wbx[c,1Iy%jqgJ=P{$OnrkiDo=%`va:4FAy;j`ovx^TOvhWOep~!Si" [t0lktMr4B0\'^4t vm~s[Ey@r2Q)<;O~Y6x8`e?xW(:\\F>08MoK.\\>)$?1R^wX1cM.7ugVM|?u||~@CAvQuE', 'i-98zR_,^v_[|XO_#u5J2\'PEH'),
	(1547999167, ',zkBWuZ.hx7_Z"RK@RY*^AVc,\\X)Xt8{{gy+id>O7\\C\\ iPeDa^N)CJKp0hJs\\N=i9 .rah^-w<AK[+aOOOMd?8y97gN_/u~XZw$3@}[h>', '#Q5y/0<4=0C%2wCPrWKo[rqG77uQ|?'),
	(1548246328, 'oL0]qCt<!<^)a~%W/}73shVZScI<6f\'CP(pT,l=Tfw54v3&F.*rEv9I\'_X6QO%HRv@}7h4m"QC9},hI', 'Hz>{c XMsdJrNO _;{0\'C,p8uwsC|+<v8.\\>77:='),
	(1558280167, '8UItK+ Whbgn"5Ur].WI`qbCHJ`}}b4EZR$yd&~TnGWA \\I1GLo^"v}{fXp]=Wgqz1}xN[+D@yrPi8Q59JIrob/*\\Xy2Aeu"zn($&\',ew)68MZgXXp[0zA5g/Rb5T8ZT32OkCvk>Rd$ACwYM^', 'u}q14ufH]3Q|C\\.PZ!{ktzURLGr\'$[[<#&bf/\\37%C{F.(0H\'s#Y5Oj8FsPfVDS/(N7g+-gy|qiiK:P$nrIK[w?UR! 31]A(A^u/1\\}F3Uy ;.;x#l][v7j#<u0QFwt)F=e*IMuK?9[f27S*0qkYwX$9uK}G;9rc(QHz|#tuaR+=5_2#zM\\(S.Mi?JS?C@wpO_=5wmcNEjpgw)$\\BNX~\\1i!=H+DfBSv MCaGBT'),
	(1565438557, '.Dg;Xg=\'zhK!G) 7#W9u{Xv5O7M$=J;>x|ge6FDFn=m5<2hJt#kH}A-kM?,=z7n8-9".;Ma".WH^s]bH*r^ii<$C_uMH`>nn7Jr#MR4tt>', 'iobAi%a7hnhX[^n9}`JQ+|$6$T.Doh"8e@-.R@HXG\\+*-nmC5^|$]>tg%9'),
	(1566747961, 'JF[\'6h\'Z&z|GF^U2-:^@f>O9VL4Be%be|6DVZv,pO%1pK> UfeIzG$Die1#>vFH<w\\\\h k*b=&uucYXwY{KOMB%cEH5S_55uMSL++m;K/,<4g:', 'Ebci0;j[Hgu[+|2uNt~G%G.\'%4}FrGKp=!kp+wc=}Lr{]%?w8E(By-r#10y/HmUx0U)RJ8?N/f2s-F~EV9 Z*:lq15uEt?A~fAY#1w`bF:<t\'jp$!h!noX`D,(=naYvrwHA!B=YWu>2FE4s9C3J'),
	(1570479184, 'e=|D"QI$|oAvI,KOP(9Vg9eb\'|;h\'gAU &S%zU,y\\#YT"y@Ga%^fO]qi;=~y@5OyyUmAF>jR4fAY9+v~:`;syl-7<nN`G(DxR&& vi21@Yh7"K%~~rXSd5x06Tpe#E0hb]Fs`If,-T?@EkdWN=oF-v,MalMP-6+!?(f}_=CR/isB_yx;DI*>7E6~b-+(raSb:}oLMy[EIdSI@gn\'6K?6hc>KhFo-Vqp2>_:\\LBY]H+m?+)V8VB7;,F"Nmc!', 'k'),
	(1574477960, '?9(yK?I:1a1OfW6"=KJ7hR2q~6\\+8<(q&49-aB] Go~Mu$nqCMG.]%Qks=\'@w#HgH0p1\'8H`qL[.j<&B}3:!', 'tS|{# C;_o\'WCtck.;95Xt"k_H;h; %%G%o2Rw#BPmk0>j!01p+3{If!}z9nWu-k#{/M`-<oGKd8j6#iQg G)h)6X;qe7VjB/5/_-l8)eJYDk:BB@j$I:0 |C]LMc~+C7sGV@u/8@!%Q^<2vogkmUlSGblHR\\Iz]e$v{J3E*\\ X,w|FV2V.#hZuKL,yl}'),
	(1579044320, 'PY5$_YJWU9QX#{c7`cNbGwj)gE$I\\|F1w}}O-C5Rz!^sLbOIEi*,VH#5S)C5{SJZ7D2u[Bg^NT~]l370n\'22T;iqT0jX+\\/nox?t- ,pJY,8_|', '!Srpnz}+\'$6:}&Og=|O]5F9#sT2}cvSGs(.!,(Klqc23H~IRwyf9oo[dF}WlZRJy)weL?~4+%c35^;frzw%+gU&#}B?19k8ZCO+'),
	(1580345672, '=Yd6Bxdrojq^akwkUS^T8i}NSzNAZRvJ$ 6PyaZ8Zf7*5nrpsUY+=Q@/5O\\)`C+Q<WjT*6ND9>np(F{qx+;X(tf]Yz@e\\fBVusp%2Ohe2jkCn\\Y*#+\'5g%vr<dP*[g#)*]3?aFy3b07Ea+ejzdax_3]1q|q6P"/La{|B>tX\'(<$b\\~uztA-5FSl>k\\y7oc=yl+Yg u', '"Xdv8=w4TPdl<d8ADUH-GpJ[`*drgpH)*FiE/&$CKxjB|WZ<sYk_.QGqcbWs61INj_Tr^|%^Dehnb1nge:~T"Q<<}+o%hSzLuNxR*l.u'),
	(1584892175, 'h,+bB`|*=ut2t+q!xbX#[0<2@(7I79v\\-iD7uu:01%ImW1$,@.+/~B4P <"O}!?=#Z)~V0x=<r9uR,o k 3|Q4c#<P{9l8Tf[Qu)Lt:1GrIN<dCFJn*i-6^}^cM`qX |P<3Rp/2&+%6y*vr.o/vbvZI.DD6"xo++^c4)(j\'hzp5|osQ/rNFd#8ytbI2vJ"EEILs', 'd8oa=.6Yz}THr81[rjW.b5U9NA:%Z8v|FmtnL<B1Zl3~RqY#tO<LBWmDg9;M>_i"z@/f\\(|DX+e!{]iGeFRwVjcoWDx\'+<gb=L,Vsja5>vEe\\'),
	(1584964564, '\\?}Xc.d7}}LB^2e\'i`De~U/j0@,4/#l@#t#InJwD"0:BkzODZ#w{YChJzEMW&S\'ZLB[eOc)i=P;Sp*<&Z,%f', 'Ke}TVu1OY.n6].~)6NzF)s3+UPGw,P~T3z7) mNc"n<oa,+|#,XSU!RCMn<u5&\'%l.7K=4rLn3!~G-CExxP_"5Un;;9+YYbY0s*1[`WxAfUZjpIXNX_K-]:+a8O@N&~_"Q+RZBkg.43nh}Bj#_/8\'zRF'),
	(1594301689, 'Dz0s`F>@XeW_@<{r{H*.n\'rKs )L>(ev!\'CP]jtmeWe`mhvDHo#Cg7a3"lzA%m3aQn+xjHeIRPzx?oe=~$#IC4/Krh!Ir2M~s%%8\'+.YHU{chcdxIac1=yHf@L]P~@Iz+b6T:MYJDC>i6tjcQN"Iy3e8w*,iy_St9i&quy_jq1O>-4OA!8CyEXPyVIZxOx', 'ABBE-4j&,oip!-p%dfrOEYV<Gkk0)a4E&K[G@9*acnQZ{.:<wP9XL7Cj~W\'drov?|[ne@snRKoDzdB?d5.N0ig*ldMl*:Pik4|9@~Zch~Fsq>5/H.P_2s@a?=O!&oSpM-XC\\(n?]_U,:4M73DJ|};|qL55D2K#Sd=YYCBZ*\\Ptn!?(DInp`7OF3MWb+~VAVNK.ReQp:<8K4i%>d1VY,*x-+g6R"r!.}GSDj840vAAq.+3`c,'),
	(1594763173, '-e)poOAw8<@w72PYLATc"', '#VQep^,*t|YHS}=SERXsKg/]!4>OVY.m^a~UKKqqP[Y@$w)&LjJ\\4R;Y*y]Tase48Wm\\_H#7%Ne;{6Y a$$PbM+ATI0zUe0d+W(;[+w@4z=si8gr".qiZ"-6NAC!~\'HtIO/5*>g;'),
	(1594986273, '1\\!3g#/BBylR)18?9l^{K52F"~ndd2s0QC@Q3Bka S8gP>>p]nLP?>LQ2O"=G{@HaF(bY4$}9nDel_6l|d9*3./*`6@9Df?w%QW5[sa&Vu-40!D}\\=T2\\I,Ac)`*HM%UQ($ 4y-{F{vwU~<tT f^M2tYN(A8,|q{P%UEYCOt5<JQb&]g+j+plhTK8:&+oq5Gyy+67HK8S9u\\$R6K=4rU}pv_:kw#`Vky9qZjuaBcr;mpsN ]SI', '#]IE5mqF>QF>9JLkj'),
	(1603942413, '_OZ,E60Bt`Nh`eC}ZSEZ', 'b[t,*l81iOMsDL&@'),
	(1606645358, '&%WvGOf?KU9#cw}p7Zj5R*jy aO_bW:K#1.2C$)=4mKLs3Z}5LX0h7 |~]I>0l9EPO[U\\LnX{FKZ z.l*\'Ud', 'b(x*=H1~/~AM2cyaWghR|@5]BP/!JQ=ix@l)sH8"=Y<cTmgW\'1a+kD$J#R`ta{s2@Sp&4ST0:. n"%|{PqO6k%p+y"dP\'+t82vUJk*(MP_{949%%A~WcR%GLMdKN"v>e],d|h_w!n-L<oz}]{7Yd39TDFAi8\'z_yh@Betz)yHOU#h@9+WdMf^h\'lrUB(wWwmL+k,VtbRw[$D!BwGB|FZC'),
	(1609278954, 'j`Qy(@<Z[GZl?(]SX[HO"\\8b\',TNZW[,(,"/(IEEBw{(NE/cs3 Gm]+$Yy_<0<PFVgDG;iq#;wIO9t%qHyc|iD5irZ0^E$J3"c8MIM6WO', '$<y=p{!02n$#K`euiKbD&"h%kCZ?7\'.&cTXRiR#.Wt-KvV.|,EA `rbfVI6d'),
	(1620088612, 'n0,y0?!*0MNA!0 h}vF*a-Kptv^)KW|eT#_Y|NKZ<j[8K\\eUKO*hieI0RBnz:b?j9Gp[H~j3F[~g?wa)B%\\D}-Xl^(m\'E,6n/dTnKe=p/q^_elY=9f_fzuGP%J6 B >C^CgFuA/]}n=f0=Ohwfz|6:466<?.1gRVBkNyW;@p{H1W^fha;5?XFA+#D"qq@#/4)IsG7d[nv#+dZ^\'ySH', 'Swv)*FQ3=enneri,2[X^*>UQTyuL!#T$+6U{mv3=[d>J1u:O#D\\uDFHBC{T;$BpI$f]=[4!ai- <:ZKB(->[I\'U4BO}5n;T"Fk9X1>DK]8Z}C^l-uLuz4{I4Xkm;ikz#`a?*8{::!l0GLoqAEuDonC ($Symy&?gg`KzfT0GS{yp02.Wuv'),
	(1621025798, 'T^\'&%j-"?1dheuz0:#E)zX2\\9Fb7W{M<~"KKpDGq0%67Nwb:#QQd)B$C,@mprcsKJwSzV<w|m7`*yOO:a[Aa=tcL,y%}R,H3:Ksl97%bu6A:ZX.^P&<Qz>mEU!?V-Gww.H89)>1/r^:2Y*z.)3 cI1xESO6\'o[Y6(7]Y;~V6~', '/mXkYiC ;k<HWO~O+M?f2!G}6)+/PWD~I\\o?=kW,2=*A7Lc7|7yZnJm?G%}&1Y|s5[08ai'),
	(1627941570, 'xSU\\F/4, :[xBw\\XhL3 f3.`/T.b<z(u3Vh.IQGjv|o', 'PRqLVtJfT5qMC0Nt:E>L8i/s={1\'+p0fs!knEAc bH,*l2Gz6+g0V}ws4f`9q=GRV(}gP]tNQv7@2b4a.HkCfI+~.9l-t\\qi{-0@;zi^2t1Lq^\\3B7"GEilk{\'- U|4Ik0=c/r.dbe\\<bxrpN28_:"{];p{^pG]f+qS|_@f`sw}-2;U'),
	(1629797662, '$:\\$?*W/I\\?yp_"%l*1$~I4r:U`bQ<A.tl[l$tpQ,%K+OT;6`z8Wju1l', ',bdlvG_XD`*p[`z%=py.?W=m]xSwF_e^"t)Y^/SzHj@H5XBa%X??(30dzl;0(/JH|bR7V[@[N\\C(QUxlV#7`<GP`g/erzY!&>lc,\'kC%<_Ya4}*Pk`^soIkn%#9tvDh)\'&Cg~ZeUa{z_veY7'),
	(1633378782, 'Y,b=yFoi}i$@r6GaQp;j5|XQ+abIJKkU%_GBS[O/y07ey}[j ,4Zi_m,i){x>&E>yovAuz;/[V:F~5]JwhwQa5>;kDx1OV/]3o)1DY-e]G0o3?1Yu9uFD" o4&zI|9T*^#W8y_E%yg,O', '&v~E>CaoC3qC9Zwlrx\'wv`Q(,u\\j<Xt=WJ)ac7>YKeczibs-K`]I(EFwtv4iF1Q~GC.uE-eoAm#|!/X3R&dN@Js,b/jm&ewGN40|LCv7"0dh#3@;|Cw1V9G|5n]0v:[0,Iy`.{?-?{v~T3Hj#k_Ko{ ;!T>H3#2x%O~Zn\\ C k$^ug/-CN.&>C.LQFZMsL4HBi_3}nHGbdl&%\\tu$W<YB"uQ&yZ'),
	(1642223876, 'd1;Qd8!}g]9OnQ-Y', '3n\\P:CajZQxlrFG+s7I^ ,)6@eYD7JR9q:\'!?Ntk p/Bh%+~ANkv=O#gn}%W`foU\'y@8,j;1 \'|*=EB/3uKk 2W-\\\\:E" i"7Q87.QOs`BLO+= `%NcSa-azosW6jR8\'di${[h;PWG^G$"NmS:5Ag&GG!M/~b|m=wT>>VGSJnTH66(z >I#E=S|M8i)|k:]R5j&4h4:b ]Uf(C-v%.Yg;{ej0aE}AgWg(MbLddb$5/h39\'LFIfhP@T'),
	(1646711825, 'hZ|U+s}C}l:h>7\'+ eJ2bCBITT0CDW}2]lSKL*p_7fH zi$QwrDYexiQ`u-9`mn-ks^`d+ewclb0&{@]~D#_K)&FE408HNY@u5[eg.;AuMlnl@}LJ4GA+$P/M:I*vm_B/m`VckqFA;uL&8+_ pJ)8:{\'dvPT-kOM@', 'vY |Bd[tMSOw&XuDvk^Zz]x$@:w:b^`K>a=wG+9|JMT=8Au'),
	(1650814361, 'h}X_)1R&rcg,T0s.%Ho;Hpj)2=x^SN;,yTO\'1bAfol[4M;36I{vmiF43W5tk3(@m[S 25~/lk8+r6XIIX3c$6S7,9zI][Hb#ARIO p396B+7~h9,mPN26/v}7<)qB\'["a2PH$por.}@{0j#xHBvFy%GX!c?O2z"529>CaHU"&WJ&L|eZh:!m=k\'NZ/L+4:K;LWC_~p%s 1{)n~}0/s8M#lCuU5ebh\\*%*#RYk0(7QE; Mm#m}pJGY', 'vix#6aHvnVgZ(Id@Y`_Fg4vgmx[znX7MJf;A} \'=()"CcB+&`G"}SZqGr,L$|z}*s-cJs|rF~\'VJIR.xPFaMgQAkA'),
	(1651198644, '9+0$Bk/DT*%YO$vJF\'83M:([$CSRq*,?YTa^n**MPUYP856~f%aobG`p{dQc$5[WA^zc&LjK:sBPl!\'2rnD2`Ua29|i~ORLCmIh\\8~UVyhX@b^IN{]J3hz03[mY<h.(6Rt#=MR[27E/[}[_~Dh&,;W~XFJvMoK7@5"dzkd"p_NMt+cIJfLO_S4p3_X.4', '(#Pntt12zY1C:US%uf5k$(sfC6 2ND-b{q1MS^"]E%!6O~t'),
	(1665655680, '$eKVIM]!>8Q(\'frXO$2(F]NyPMT-V(x2kPgX""*RM3Q{clv)7>||-Nr\\)rc-<8/Mon8t?t!@Kxk8$96L=F504~=J$vR:e"TWIHJ>SEhmy9L%E!(3/0*rHM9x"BVdR~){mj_sR@?3)A!*8vh5:5ZC8hfS.3e7RnuN//&ev\'', '^PU5g?r]p${T/v2?Z"c3<l0-FYW[-{Kd37S7!Rl4hnSWo8\\4E^HSzZc&B4o.S`pDil4QR'),
	(1683551645, '|B#(<[<43NmBB*d!w\'3;B[|F>ahhr<AE6\'B[yxr-v5D{lz!syfX;Ec3f+POG0$V@Qc>8q2V3O)NF8}x{pZgK5C>G|?h:U9OC,a>y)`"=h$-Yg0XppR-)a_t%?7CDULyQ^fHmic4:;mN3l$$SC\\ub[an4E0<L3b]:vw=5|`QwH}mSKc2P0Fk{v[MH-q`{%Y5X"\\?do&e{9|V];op`4]4jFhU->rf!/I0rAXK$MI +a">8BddHh', '59"I2lI[sK,}tzQp<0&Gt$?2jm:0DV>FOd^&qkg@]o%Z^-Ji+7ie?@YEkM-]@F`0B^7/JI<)bFT>_3:\'l[h0`T_?C)W*y^txkjd>9"uhq*hY|ALkvt7Y^4LU\\4g/LQ'),
	(1687198137, '[sD@ ?[ uUUo?hMb7VVhGyjd!B^)*y>io\\Tk!jkmCQO#]~zF<+t9YX.{6?G!k>\\fg}nXi-8YP@2S,1lhEnjytpv(d*MM~AMLRThExOdpvp62=le&I)i0SxW\\X*.jZG(-@&=kte$_aM*8{\\#pAJf;ZuopK9Ybn4C*C=kB', 'U5wK41M+mcl&K|Wu]OaK-uH%iryl.{Y\\TE/C]d#,i@qUj,<|sRl5n~]!LfEsTw}%\'n]\'wsWS:3+l/;Z.. Ty#gK\\}nKlQ1wUAy@fja44K/whGv`Uo1 9"tI0@V;p1\\kBF<u&S)K9dgjLHmW$,HvG_%Y*r(97bWwL*Xa7&x@&p.Iw17E6&8g(ChK37+~;AbV\\-_i qu;7u0n/dp*'),
	(1689318620, '\\fl3^I3s=vs="xcOT@|#_0K~piYV+iedR&1io|vjHJh#T!\\ @\\+d>e?>72.+M"|jEoZ!?', '521k(ha9p2rDC 9LK~#J&qj9W[yzXf|b e]cJb@RK$y"gCo?Y8,O1G.N@TVs1Z%BIb\'yLHAHHa\'Oq2jXqx`CJp^Ir HS!6@[" |8syQ@QEO8sgBg]R )qV@[XX=H>$"uY3 ILZ'),
	(1698369133, 'H$[i)vAfK]_^~FKavz&yQ*dT,WbEM]y5*N3/BDlW^m[}E5"B`/Z/Qi.mK.0GOjk0#9"N$yPz_&JX(x4%;]ia"q0^+IDQ$xS{4@8RUPLc7./Q`FjT.;>0aU42"q`Cd~.Dz!f??\'\'bx[zR9)I+w;]M41+Nq[U<_NPaisy\'lf+b#r+%O%dMS1i`;(*S#l_CPMCSPv{2I^hK[(,9Qu*i2', 'F#[dm?h8h@F[E(6BT=b%V^QAV!~my\\AEo!z[7h!bi_"/+x;q*6\'9Nz@Q3r)WK,fI$=#EkdQ_hPVu~+;<] &_txI<s\'RSjjBi[iZc6!iSvfe5>-+|qp3gL.z3ZZO\\zVKWmNL@jI$NVwd+?{vK#1!$D*hYX.eBqwVCPhF+}cAS4>;*+}&_-^%1-9Ta)&Mm=eN{4%4{lQOTLw`?b%:oh*'),
	(1699026685, '[H"TMhO<\'0s09B)xdWT`:]\'^hO:ZN(nCa1mO_7@;=_uI6u0-u<@K/\\\'5Ceagu[38T,C]Lnj$HfSGODJwXe?zGK(\'^Gg1^8:]d`3>vN7XzpGxQ!FN4f&povN}h/uncg64|WI%"ATx.77P9ZDOFLh"3r$\\YE^<VJ))BxoYtUw}\'$uB9R^%(H7VA<ucqEex77os1*', 'sUCy\\S/DIRf@dLI!j*5[m{7yg7]8X sI$-*Ze+CpAUhMQ}\\2.=i,O,q:N[d*g`;EJd0?%.6XIJb|wBPSCo,i=?~oXw*}:;e![I#qCg1%fd7\\oXqKAUT8c>4r24#FW5x9?G9ABiJk~L`1^wn~1CEa+Wxi,)>gQ*xkRmNDas(R^:m22rrp11(VwFC(z^?>Ep+nClItzK +q9(.f4i>r'),
	(1699901396, 'm^Lne93pNn%"(^EgjgJ@._03myrR[OW>&Z8', '72qX\\c+1Wrb..t_qf"mMa[5pkylf?C\'_)&<d\\hQ5GVN2vv6efsu~6e#?-:RZFB'),
	(1703623274, 'qzN|z5}wv/v4jF* ~AgUDX56OH|?D/c#Nlg\\J\'Ami0-bnX4|JiN3:_3,Z9lh2kV>L+jH(L,6d\\j2I3@\\;LO^h*1`=gQd&"qJOfb<X4<Ij$9/n^K06', 'qjymMrFA9<D*[)qF%Nzk!]$>{p#O4:Zg,a6>Zalu.BAH[MCgtNR;_+df26vJ},<(=gGj?0L]3T|N@:O<`$~Kn.#~6(/>pMi5pYU"TAJ2J7,zxg6KA3@_;"B,?z<*T'),
	(1712547115, 's^/4z~u ', 'I^ \'k""J>yRf}4{!s)"^jc1~<Fvm5HQ]-RW8CB@N`fLWK/,a52GsiX60.6K;G6|)mpg\'l*+(3)}D&NWoM`}B,]PJ;Lb#il'),
	(1713114408, '"^dfH*aSSqkADg,Y]44`*k8M,Z^$pb:$R]4*09@8J{UlEz`[\\pIcq"w-xeL-|!qp|p:a*%JwatuA<C/FfiS8flYBYIZu*EOdVf+~`\'yZTB=s;>}<_o_E& T_[W9M&.]6 $<1Szok8s)C6[+WT0;q@O\'|KlF3>+=oFjc$S@', '?}`I}gZ+C!.2!84SWONpT&[\'r@3U"gt<Mpl<~*-*e(IQqd%I3+i6+3S-Tp'),
	(1716175781, 'q"[]VQs80i*DMkUxtE/U5s6\\#}?sw"-.lX/S2<bTmKD<8\\2tHPb=~C(b)>(b\'|u6o2d#6.W[_eE[P4Te8VROVp2vKT', 'B2$|R#*/8[Q,@J$d&3>wZWSppui@+`S&{~kUy9MK~iHo",/US@jx^E2yiF54\\^M5h7r:<,6fj]M&Kz2j2xU[zJ.9C#oF2Nq.8d )I!/;mbq)qISqA ^IP6qFN:mA XQI*1}E\'&rN#u=)v@{wRY.2>$W)[)}IeY[94Kbyy2kv%g1)feSgNj5)=xG3! atLL`N^A(ta\'1637'),
	(1718089401, '.I5D6VY>J(VB*Nfhx!\'6,KDU)9tD1]o+}^E52f0+~#BN@Q9{rgP3.kMxUS^Sp\\o2A\\NTS|i]t5oRdCPRA7SGY=tp_LpjaYralsJr:4O5)Bz0,FR[`k#*++Rft<,:~iW\\r|X_36Wr*gUWf9#\\-h;Q*/Ie4r$_<e79)', '\\Cp\\E=w8GC|{B/&Zxkh1l\\/X#"FEi#\'L`EQoJ|$@/XPlO}jt!#!k|~gKIuE~cVEJ3$<*D}P#=i=K&(\\2~?VEF#Q#L:X(8d^G*\\#Q~2sy;rXs?b~5a`v7daQL8YZV7SMA_F?}4+27F=pE325g=\':H^Y'),
	(1721332556, 'j9ek#.R\\Wa)Akj~ R"mKQ$ykZaL]._yi|l5dICEGd|d2AtvAJ)=CA)pN[BU{F3>[m*&4n}Eb_v\\`x,\\Kc_fLSW}v!h7/8{y(]7U2T+&Wr.~q`]fT:mJlGP=6Z<L5XeS0QoYIH1;p B~1c@Z|j.@Eh.,=FE5T7$_\'0}]', 'cp9sw6xN\'sO4Ylx(m\'%WZOXx~2d*%>d<*"RcaL0!laHwhF<^9(#1_%fQW9vd@ Kzkwz"Vh1Ao~;r#+)h79@o/Utub\':Prb#vD b.$qLR*fk|rZUxA|WzxMC!~5b44W6Hx~=#jP]zN`L;I(OY]j`S!>W4&)sd[@'),
	(1723420294, '<]q-Lm.i1EhoX[e2S:icl]Gt{9=&Ts>C=q3%T+76r&+swGd]pgq&V%{v0gAst%T&YC][i?~[0UM2|>*9vYtTd8)^wEJ@dy[Bc8JRD(Pft>p/I8E{1M}\'jB-%`y/mk_"$N5\'KdHl+_tv^Y%TwI_KZEo@jg8o3I7a0/]1+1jr)}~(\'@G}Xl(n+7Tw<9D', 'wTV!(5O^69z^f*LM@*yVab?mU+h#n2Mds[IpETJTTS-$v0<usw*[1uWA{q+n>=q&PdSLx>g/l\\zu5-Zq\\B=v>PcT<F^AU5|YiLJ]o"Azj;C!$ibV%\\m`'),
	(1733622617, 'XO', 'TH,R&K8K9}%8$=!|0x96`{2[O41]FOZ[B~3yasOGfL)c*Ug(7o_!@:N7d:hHxd}P]%QGiOqWEX(UYxZm7_H)+)'),
	(1742935686, 'p4Hu:_cd27ZYRAn`RQ N?!D*Iy[t@mBo9IHP#7w5;v_WhRKh2b94.XQSsPjan^WuY)@sI;O-D?<bz*w6fvl_A"K`f^$NU~W;D=I`eGQ8;wP=m!f"[mejMDMIN*"_<zrkMh0Z8^!*[6}', '^&s<\\aAN/.qOJg!*ATAM(n4CHJ}#s~-&>|ePsM2i)3m?dZ"4]bJ`eOIbdYC*?#(R9?0Cke|Y$kP-;'),
	(1743178373, 'Yd)7c(Lk}=QjD', '\\ePaD/+hbI$Lwjy\\q^sDItkh]?4ndimxtRe[\'s_b=23/v_y;V_3lr?\\$}~m]O:_}c1LSWKOmX\'nPtOf/N3'),
	(1744840254, '|(=<{xP(;(+{zg_NX"z&N%.Qaxr\\I{~a&S3{,L:\\/Y[`Y5nQpQsl!m^?DhO{EV<BSe3Rh\'tb(0-{R(#h\\9 )/(Z{b+rY8E8C/}vHnrbL"tv<~\'}wGxRAw/DQ}-Sk\',7(Vk]VomSI6I?1BB:ML?DRq6iBwX;j r\\X4lGFsl`?=1$,&KNbxG/%)C +Pv(p8)dkChyv^', 'p10*t^Y=/Vd82wCSl_*.+9-ag?.W\\SGt49&qs>W7htZ)NX|X>1C jA#wyYM=\\;}2I)Xb8`^{e34=k(i;/(;n^EEIJl+.g`j|WQ]RM;WVKlzEQv58E%1YRgf;Dr`HRelS1VKx/g0U:k( l)C"S%czFhcvmPTY1'),
	(1758644408, '):_,>&[bR~[0C8 kJ(-ABw^!\'_@2v?Bxi+b+gx`I(q$e{t{So7zY0jVioREaJ;Q$Olh<&|;3;)', 'U+--}uO{SnfRa=?roj=#?[D"o{!JCj;ZJOj5"y'),
	(1770610969, '-g1c;o@jx[ar1s*as9@ZZ-z9w?[>Yw!9;n&:ZbWhTUU-u}Hjkx7<yM^ck~ttxY5', 'AttgE:v+YOl.c#r`HQN<uKopwhfd=wh!xnSHI[+`Z#non~dW-du[|>(ZCj<:>iI\\]\\;TC`-}^Cy\\f2st=<b7E.1_biTJqCfa.Bm>U0%9>8AH37s4?*N)0p ?~%GW#9i\\\'-/t.^\'Ma$-Q6+wAZ\':'),
	(1777717333, 'b |Z`,-7KmW3^wy!8gJM{@cP2w16ATHW*5mV {@8NhN"3HGP?LzT q1r7*L9$+:kF[=|F8J|h`rYJ}0;0]<ErSob_nap_mKvh}o[7o}np7W*XQ-oV8auKhsyF_<!`o>^-yy#', ')?bUO,uq![X,(K_1LFz_V@}SL\\a7z:GK#lz"j]UNR?{1h)#|1FTxlT1i&S\\U=^_04WDVivqe4A;re6~8 h!{|95s$W&A+#G&hg5qO@iq;1r#:]9"Z7&f~M'),
	(1786167168, 'r8wz>Kr[V):6A\\f[iq1L6(uUPT$q-gyX*V(&;AhX@-qf)ly3:v"KBIHB!VS=\'M\\H:S|)-Oak``@yqv-3z-+\\9ZsMt7XH:XIt+DWEWaT*i%EGI@\'^lt+b7H0{:j;pt4r{C*gK}7n;:v|DoLT|j;QL95oimc}r:MQ cJ+yK!T|;,Cd8bK{j6\\u$nzgWiFH~U&hgy0[k@DcBp5x*Jgm_CZ', '{Z3[+"W)l[9D(q5JM\'QvOMM/!/M*'),
	(1791121156, 'k.y3,QJ (zkFc2MK)HLso}&Rk uP~UeKOe7\\KH##fDBAl4MroZU=-0X?E1_58^S|N3NjM`nUmSJ5KSK\\P,]L_RC\\rT1dgZ/]qJmgeA+\\F5uct\\^9UX`H_ht=HFpA2>eVv>K(b<)J<f/Ai7[y\\\\_]DCMAxVZEcqdL-debp/g<}w7', '6B7IYtc~|Y<v~D%|w]xb8R sV>t_^*flq7e1P!}dWO>:vb=-q=N:0`g@6w..3/m2^J[:[bgM:nAq_s&m%ipp~)P0-t"O7L6t,glHE[>:*-$5|k[lK4kb$fvoTvlY\'u=t56J~OP+T%hq(5rqoM)HgoV]3`I['),
	(1801345827, 'RVDN&QkM4br0GNtl*In5vyISnQ4LH@c=dvhQ;,L2h1.zggJ4{j?[uYu0J', 'pH:g9dzR4<xLok$bHR,WLEjOMMT\\JX{\'xI+t>x|'),
	(1802751319, ' i+g2dXQVR6d/S5)mob1Q`ro55\'VGr@.Uy@?"Vfq!*Zpk5!2$a+t>I[$f=$9_r:TbkWmD$c{U]~c}tOv~6`$!,}tCmImcK6)tI^,3V\'V=T_f8{3b:P&|ZT:t/q', 'mt15jJE\\N!kHRi.e37T-VJ$7=dcr_SN$`_:k/X_qL"VCcme!1fQs'),
	(1816640785, 'mkA<Th mAJROlV6p#_z?', '0+FgA.Xj%'),
	(1818191608, 'p7co1-a_"^QA,xDK@}taY5]0>7|ze3,Cn$vDd7cxgr>&^&v;MK4;2p`=0:.IyKLhq{gDeg\\6BxKYcs1c"{b^2ac_5u9EE8lhhF+Ys?`#|iA=w{*ehj]Y[2f\\>^t rcZ#k#3H#^,.]%3a^L42wM_Yakq~5qFXjJx0^jTu9HAnD4\'C{!Ts1qchlz4waT!Y=[BYQo!cnBm_/Jq-Wi', 'Ic~$nW-${GXj\\=v+b _j/32!ate7v~F/F\'6:1roa("VVI?L|a0!C4$_W;IjifB(M5@3As_TP]+q(r^~8bUp\\N9S28\\*lmRT,4~hOU4m~B9Vqz5dwg-Jf3vXYi9|TN(~\'Y %@Ty-bA{[6qfAKi??17;[^G$F!5</sMhOhmN(6.__FsT-zS#;l-rH9,`2$_-<^p-h"wa6?_j,'),
	(1819695542, 'TVs1v3v ^d2=r=Bq/L\\~!`vSG$ $Tg}f4B9y!}iW`([', ' Gt::2GW0hxiB+hzY+qQmG+FG.*;,)W(huY"oD j\'/'),
	(1824681365, '}/0),MxNbi4Oy\\h7\\(t)GP@oyy$2Qpx/2QK?)qH{n//s$ 7"QY@ON&eAdHhF(Q,"2snFG=.|\\{(o8k#NCuL02,;T+rrZ%wq$i PBS+{`:odhtCFnXw?7RUV&_o[&{cm^LOswO0Xa3jD974!3DG+T!h!~/7{4D[*7YlJPkwc&\',%*_oug^}/Y^dzq`@H`wP6.7.r7KEm?qPD=OqPP.$x] !Y^U_4=07&`5\\w}#2?IiwZ%*{_Q>p$Z*j)pG,.0h', 't&00T7XQVn=]^gryXfGK7-TgH=*zcP?=AQJOo;c+fB4@%~0Zu*HjIWF6NFi_"hQnR010|#MAxCP{ XJwXO.V\\|9)\'yk/pZ~Wr.<Y>.O,*]Mk>U(r$f)B#%8nq/r]UvKt1PK!D}v{/G_KM*UQ&ZXTz;"IFlu\\4dW)d8(JkV@wpBsuW^>%lsbAnobT0 ) N=*_(BEj>a{]m\\4FDmnco36m9'),
	(1826464798, '4N', '{ >e{7}NDV8l|"C7tCGICAxB!\'6P4v[?#/VYoeNa8?asE `(B2lpM4"0l@2qmR28<[qN~UCr>ohb=GT"c^]jZ&<H>w@05"6;h3d#}'),
	(1826711231, 'wBU{6"l3aG0$=1&%', '$c?K::kCc`0,3G}$^SZb,a**V`KI93MF|KN#EuI9IC.]<Ev+[4JVx~0b1=/FE_(c>pKqm3N2C9b!x=}@ ]`=Ur#vD8"uo0A8%&*b:@Ym^H(~c[K7M`@Rt|s*m~66%Li%)(/N8~"`u2v{Kp]mcv>yLNLQR6=Cf:|O=].;v@S2,2)z2MxC:b=JU+/9&'),
	(1828505310, 'l][fLT|TZ1&C"F\'*K@Fd!#0o5>9D"xzEzIMo}fL', 'r&n1(gTeZ4^!'),
	(1832391448, '2&fk{k)x1r{X9f(NlRgDY 7"AZ^|@j5ksM>z9+tCa?k4.fQdND*|\'x=kN!9KbO8_3%G(6q7@,"K97&S{5Ws^>~Sd2wx+KTv:X7.+D{sceG*jW*&*EMWK2wH[EEzmbpX2vizZHHUe^daxqlWzp^\'}kJRc~<KQ8nBwMYWj;6-%#v~"MW/1s}SSC>NUn7CC\\Hlo\'~.N*FUdxf\\NVEGC7WM#G>"1bZO]%*)3wI\'33{n/De$y', 'dX~-qe#Y6zxCUHeIp 2ad*&+z#3B-P(-RLF6JLeop,XS~Y2E-pqRs?pWI@$l#,mB@HoZ;1}1~R<tV<c8~U,!5-{SM <X4m+S.GIrUa9yN1[ iW+&xZp2?;L,0?zW8@/=O{6 e-bY23NKiDFS})eT"n%c[fETO95!I2-MP!%s{i6jVK^,d]F#G-&l{bE8%"h`Pi}5t+e]_/UJtC,{2NB$s|K2=i+Ekq>$m}J[+Wj#5eYs7R6t H '),
	(1847672539, 'L7<B~c*9su!CYsXh4bU!V=~t(F:JAFUf#uspmA4eGx8>hRTq a=*{b#C"2q*h\',ahMZa8/UWmV3q!F^moC7cCb_xq7R5<[7N0J5>oYwPmG.6"j_?Ro*;OeS\\EN@qX$> x~xf{[=Qk7Ckrt+w\'o,r|eTw)&?+];Ovn|', 'TxX!wj%1{!v<yXp$):#rQ&<V4r:efl|+vyAYDI!u5=}:U@%,/kLzP!g.J&ramz8[S\'1tu%Ss/~3rkd@0qm<O:?-..Itp>Mo<k=o{iY3KGcZ_L9:KSP6LV"JakR'),
	(1848033983, '1+D&W^H0KUF<i3B<YI:*\\CM9sWW2BqcB<IXbpCzT\\V9:ZFhAp1;>Bk:*.84Z )&K[]^:@l*/ArRx6>o<3n?AEl6a(8U7aky^n~-O!ZT-V,t[mdl(lp*V!_}-o44p]$>a|aCy|0I0-K=%0Vsf-])4]?c5J5~Qk22EQpJyIQKRkI"6h$>B,YQ;nK)6o', '$b\\gT]<W7dkHk\'0(QQaRD-%#Ca9HA&p$d-BKHHUyD=UC05jtUUbXA@X6H\'l;221=^yi6oixy8TFPl~#g0C/"P;mG2~Hnp^LSkP>5qoGQ#,*dJ{7(]:)m0G2i~j6Q%\'1):W*hRlHX]W[W@;XdRy2-_3UJs[PR*_djT6qDz|g#j5"C:e/x^AeG>71Q_R\\gj2Ar?szp4aX^v6T\'RXxM*m^4O'),
	(1850122744, 'JsK>wn@|N(SjM~JMe`N6o0Z\'tfhE/owG8sPSvV?r=P%8Z90o2:lgR1qW#IDg\'7"c!D.{(8s%<5"\'t:y?gAT?/!&,M3B`_>gc-wuLe^m+37LcTg>&n?]wB5r6_ctL><35Q;TV@W%!bD6kYzF$8s>*{C{k"E{T)y"xOR<IYsZ)H2~\'d\\x/By., #-*wJJSkPLHp}YsFAS)|~9K9\'.1wc$sfn9r^m}+rmA0m5;?pt 0st', '~?(yk-_5pZA:/P5)1R-&T)*Os5@4n\\eLqc}fRaS62:62Ib1)c^?Xkqhb8#XP}c-UCtVSpb@|cW+*VGx-qpaN&`Uam U7yNP'),
	(1850206222, 'P??i9Ma^=f`];-eM*iHHu3N)]JHF5Y~HGupG1Q\'5;SXg!}H?MZO+&\'GrcM=`"ZjVo;R);N*.`E#ikM(f3/Q~%d[C!Ng5[\\iX/j\\MeRI!7T+aB`v#oOq2', '{7X9<d:#/C{Yl,c8b-^\'u0MT##>gqVHnVoeKAE(D){v2t_P.xj3\\{d.7GVK-\\Hqe.G<{h.vnfqIkgZ$?#@!]wNdH"T\'#?t5c6M$H8V"]h@;)6#&8f;f5XG6+O W;Z,ff6z!r6Id06\\!\\<'),
	(1863030125, '6zS")sy.1kt*C,&AZSBqk#:Q7d8/d49!Cq&L5_"@\'?. |`&)Jcsi>t,Ts7J@ChL-Og/P-GclTkDhi\\=!w-vLk>Lda\\$~Q/g)f7-XE_,#MQh$MPbQU?A6~2sjavSFuy5;P7z?R#kPScV6BE$P/)cVeF=GawTTf6tVN~1W*8ZZ.C8G.x#>i[/.o|,87Ap*of\\', 'Y%\'Dd(teP@E@-D7eeCOs-z&s`a<JKf5*&AO|{F=0V<cQ+U0~Y//pOO8q\';|_E)AA@('),
	(1873013647, '6/N4g.2ezWBFobBc5', '!q~Yoq]?lMC^"/\\E9) eK/d=M?/DufFDMd7;W0ZEl<2QOVY[!?RYfSWO@KyGr:k,B*FoHk.dg9s<'),
	(1877623006, '?%2Kt%$d6EI}>Kb4l2vNadvClyZQ5_&>f@FY/HVzz=b#[s1{mN(coe>{G>d#\\\'#aL_Iw?]w6U$rhmKbAa@.S%-iq*3]"poK"Xs@yuT,,l](76/\'{1wdQu~9O', 'fv>|suR"xn`yqaMe'),
	(1877781060, 'g\\hn^$DE--)[VOQkY8;h.Sax{-MjWpy0N}"Hb%&r3XGHvW{:!#', 'v Y>t_B79j$YGOGC`I\\B9![h)h p^8xyz6xw8}fo3pQ>?d!"1eX3WP8+kb{~G\\iVJLzXp|lgImqp};q?xJO@}>"!QeuU_\\GS?9s8^@V$`1r5%T$_=BdCgi|S3?S!1{d#x-`]j'),
	(1886682879, 'n*F/Y}xecU`3v/|5H>rYGN1ozNCe2Va,5Kn"vPi_S SH9,2HS1):!%SNg%{?QYW(b9,9wImxW={Cm,umOku\\QH?\\5?F\'vI%\\[BrKnO0}OhY6z i`,5xvGzbh9R8Xo:RnlR?|v-Nqs$FTcoPE_N[-A_;z[A@nDUMnEQW%^Rv0/@U0itmFeR15(A6qzyd$', 'vCsz"Le^Q(,c9R<K[I6><VqUJ5clsfr#+a<K_Wr\\`4Pgt$Kee*Oo]QWl+I@Y4"4T7yN5&;0N7}\\Ge(L2\'Yr'),
	(1888071848, 'a/u.eVWqDK%?:u.t82C~#n1xUj$(C@_\\m\\GOw`ft&[)y$Nk-|TSH*/uLffh8P,N(p\\OZV=AKUOZ_7R$y</t@\\*J&km O7Cl>&xyn3ExJ4*_2-^pL 1*Z{pZ&:2MjIa\\', '4Uq(Rr&/=9,>_}fl;$7m`V:2blh9[4SOKrb#MaF9(Rd O/qtmL])RPDVR@44\'[arKG6t.name6~A|BsWcD ;Ps{a1:%%g&lp<%WUr:e:EO>Y/8\'ZS$@piy*L#p>@<73DRt.V0#IM//u+n%=\\?x sby 2F$rh)Bj;.<d(j,h_)rgIHJ -Tl^'),
	(1894674845, 'N5bz,#Dbn2AVv@y(rRlZ=kW!.D^#\'LLxVpPJ6', '6,2":O_!li/B{|kB^^[B(d7irmcS\\La3NxWgT=]{\\S[lm/F5,+TA*wzsWtb3~J\'_5N>m`ID[*K{/@~Nu#Qtz#.6i{a\\(,#|*y.LK=~t$e$))/KD nx@VA^\\#43ne7\' KR4ri6ncow8;WTgL6>BDK^B2lKsu$/Zh_9v,^EMw0~R~xG9*Afj7acwMlaZd6CwvmlK\\rq0)n-e}i;Zb3a-y0G^X@miFr~H(!3~P{nr?,'),
	(1902111289, '"QGcJ/0,QofZwyj]\';ksMCdv:C$e2\\Gmde!"0<6_rC8Oen[Sy- mPY`Rr\\@Ck\'FbC9t iHJv~i1Jx<', 'M<|JXM(nY&q%]qEJXVzR =jI x)#zM~lKQES:(8\\@FWISe+gAwam;\\M~j4y7 Xu"_y(+umAdby}WP~1."$J"-BF\'jwM+"h>~PzoFHuJo<6iP'),
	(1902856462, 'Z=*to\\Rg0=D:kftnL1(fPg<D:-123|`qcF#FJjoqm3jt^6MBPKWw{4(zo|TQB0T,P5\\R.I^bg]2pc$C1RQNTW3|@}Lv6s6uc9I$>}*P6]8YOVZ^~zo#/yzzr:l(y_#!F&l+=T6DaL=43xg?9!#/m1UM-Yo-9bq.pn;CT%*`SQcIATbD7lpP\'"#H#3"?q"AOE9y$\\7y;SJ', 'q'),
	(1904830988, 'b*rqxkOADE-7uEa5Sb|tl/#dM_bZBDBP8Hvmx>9RwipOFd}!TY,mzLH(/7h/P9^sG}Jp3C[4%T;', 'IJ3v>fb$yAVX~$a_L/t&GEK.O,8</u9+Ug&tbfa{OrY1`"\'HRtyu3kLj#!3>l"]T9U-(5e^no>|M+,W)w R>KnXb'),
	(1905793971, 'D)D*GlHf)aXbkW^?};E$k6Y:i/jvN0U2(Ic }TKx-t4Lfm6M+TUWEu=+!4Gx3D!{*[4b!C1^ WHNo7mZ,o|9t0bB}ggc?O2>ek&tMp"nRx=1V.1RA^WW1Fm%A!D5%;:}n?JDbT./diPU?:DAfc=*SsK(y|L!Jzb|ykS#', '~N5d^/2BldPvx+R]m30b9\\1I/-^8zWld]fCkqw6nDkk*G}UVHCqd9%Iv#WdXhlc-vDoC>zGh*I<5Pu"gp&P8!F#V-61FGIqV0\\]~c{%)'),
	(1906526131, 'NRfVw{<!mtG]PvmU5X-TvF881T(t;DIEk:,yZ9Y9O_z.yOe&I]6t9i!#AZnSy0>x~f%s_&kv1x%m$pJRAn1E^Is;aGM*h`|;qU0XRLg?7A>Uke66k/H%M6DWDa0%J/&^j[1D#Q/g08st\'E^l5rF|P{o>euSIT@RVk|iZG8J7YcCr]RP2i@U;x@<a42dpRBVuWt^f;Zn', '=Kz//8t^/4D8;\'YgFHENfq^mKoU;_S8f3|; .2+ml=A0TlBC%0d,GtNpEN7pysL~BGU2&BpWc^|K&,y8$`G,`~(o}eL+uM{l{]O-5;v6UMiUTXJyCx_GU,bzK]~pe)~AA6<lpvMA`39$.dlh5W5O|fqbcO\\t NY^!Kbe#]zp~L"'),
	(1908253472, 'zZHa3Fx1#1Ka;}*"dDP( :Kab9q6xwue-\'cH1(.nRLJ1IPlT?l0 eYp^MXX\\*VGy]r2#&`q\\AadjjN/Irg{&35]~{xv@z.|(G%0D{)P4BVb$#u{wOHmM,&=M~t^~QG,B@OiKah,&u).1,e%^@oRQxWxls> s(*SB:n', 'Cf\\=TdO1%2!CbLbe^cc+TAAMu, x\'!EHFA05y%;3.UgxLwTpL;w+0[Cu[@t(s>Cs{J@^GW7}Xg mj^^.a23c"A%J8YTuSt^dW[]v JFW/Pn2q[&f1]%:B^=Y\\ n=4Dx3}6\'w^5(G9i:=;dXT{WOh?\'?38nRCJI\\H|<104{p4{aMO(hm?1[$by]VE6VQ10W}>RT|eD-Q%yYO-ZU%_,)h3+ng\\@y]zeCyYhH"8lc5>S%Nf^'),
	(1915535623, 'Ko,c9Kru=>u,5!ykytg%+}0', '+!)d0\':uBKR=Jlo]iP5%fySDO,Mk$jKX`r6eU1BD|SgT8N/Tfl6s#/As[QY GBQmpp@vi4 E|=;_6zLT:O^*~q`__f m=#8O.L7G~{PBvIq3QqD^rl~%XwAeu{icK<S{Q/X8Tud=7$L%v%S}CuNu ycZJh>M5q'),
	(1915913495, '{FhlCx@]4Ya=~KW-UXcj/Ri@dJX.fs1ZfN4w{gFai|rk3b?\'<T_N>1Ev#UwxR\'d|A*bhrtK)6 >,3m\'upN$hl^mk\\fdNNN)>}9Tt;0*jL rDl^C4\\D&Yu/DaB"L\'5$BmjFD1&]}di5-Mvg:5|^3>P(O@HDDiPF(0fH%r_Vc|jpN-ZAC_', '05Q/#S[JeNL4tB'),
	(1917588454, 'e@sMVtUh*2o:xT,,6MqV7;jhn"}z[bo?id*-~j?!R^aNH_G7sm7NmlMPyBaDli,7[HIk(_ f4SDL||@/FU[$9&FZX1#tS9a5Q#a UJ~D/;|}5/8{|s_([J3[K9d8R\'m3#jvA4F_,4L7=Imz{&U:HxaLs#Q+h&|;E&T@It6?z$ma4HE_fO&TyBwgL^{=1![?8ppIsR"8T/1M"W', ').GMjN-_S7Nk\'qjXXRxop;06`IsWPSseE?;QN{Vp;oQ?xXG?552<G?ufgq@.D+ts.\\vTA9#gDZ'),
	(1924477403, 'u<\\nK`wVmc7\'nLWQ6ls!j>`of7=*@Qf+Q7wl]S39>?HDIP@bxsg5+AM~=Uz9Bu-p0M*v9a=933K\'*`e0qVDhY_92[?]fkYEx WUaMd\\Co#9R.C,hJ&,5Vn>]+Y\'cuiRA;q):=`mc6ei58yd+?9pj9r.sr^', 'G=M>wM;*E`\'ie#GuaPbEc6hv1m:UjWzp2&h?9*XL=Htb4SDXSFupp%s2g3~[R[-WKWYssu/Vv6Q!9^/nNjiS^mX,EBF__~)oa`z$#b+@[coKA|MV<wN`)`][X&B;#?uBKUc`qN93NA. 3a7opL.6zzH*H!.@mwnuFmcE<F*))R8sy^X[#Ko}o)%TPiR{Q_A58HgV-btN[QCZ}Br|u>XG2aAH\'mbR}..+miYB~lOAoM'),
	(1925969035, '")Mz?s9S/hb}!I8C*\'|,T)ZB=a3%(Ml9kUY%0galbo*%p).*FOn|>+zI<zV=4~F2z;N/>FDD"G\\M D.2W!k\\)sI&+>/>D/Gx [6j](wr[df?9(U!z(Q-I% llo_Jn}9SWZP~uL*5X1qhnyJj{q/*lnqO#kl..J0tK#KIgb"dbFM!4\\\\S41BgTmKA,]<zCJ\'aT?fBeB"{=4\'GFme0J\\>nv(Rr%\'vKureLw_VV:QcrM\\/A', '()BRMc` /\'uGzE@PR\\Zhv[Ld_zcqv8;z~r^N`i7s"AZHCQCE4#<G[-~9gv\'hJuj0$yENu3#G)rP~Y(E*^|TB)od"2|s.u\\Kwb|jnP8-I9IH\\-v=\\R644;|i ooBZ)""(BFmxYb3Zs)QP_k,=LE}gs>n\' H(D(^:}EF?DykNUb29G(Xws\'i@q7-2#Ky|?*,'),
	(1929514814, '9q]W!"9a%X,e{>;WU#iTEq]]8K}o)Ee;A5"OHzWx$z$ULKS;&8o<N*cfV-SAd28i=', '#yIPOM&451?Bo(Sx&F9+J^GsQV9:qakB/bp/8uxohJa1c&>)S`VT%p 1A+^eje=dW\'&;T&kuz4iG^(Vx#Fp{5$v4a[w!9G2u1u%,R(+,<Eu ,i:h%I*l&9 iDd. N}W#VOEokBbtQrJ6SP8%j*zG0iP:O(RyVKLG"f1JFQ_2PVsn5J/G,:S#U){n<E=LY[_LU|/sqNLaDHfoQQKW`?'),
	(1935634860, 'nKRm=LKp3w/ 3iETkX@j@\\JFKM{Lq#VQ/+Qg8p7u&W:I/."7:VbeeWF7LW8\'{m}OD\'LYk!}y%q@*!F#ts;&V~x9TMl!<3tl9G>*TYeH*ciIpfl`3-c6_j=4SA{-t</KCr?k]m#].gEeq9F&%9@V95^d#3qV u>5P&+Im"7%P,lLgO ,L42#Os/[S=?@2[k0P%3Pt9yE4~({P91ZVXm/Ef:%//5WF#l7@U\\*Z#yc|`@\\R', '<)ae5$r=dP`LFLz^=0+!{rW:BG+ebzVRI!5a DfMNkM+g9Uz\'R(U7!=EU3[v;MlMLWh25Jc]n"[5.?ABWe^$(A252.*09'),
	(1939423623, '7.95YJbynLIc  U\\$"?E', '}"VTZ k_~A!P56!8teqK=xu~.I^fsZP*21)NG${<GH^.ZgO?)h[[vl{0%GKumOO_4gH<(3[rnuT;d5Ykc@todd)n*d+<cg1bQRKw<:\\ 2!lvF=U4T%@ /+=FD+=\\uJd'),
	(1939975257, 'Z(B~,D.eE??/"J[xmFaUo~3&oH^g3lkA6eyQMH`96q[j`[>j,nGGA}c7!d]qZxF0UTeN2%|ksQ1tTa(IBN', 'p)q/efq17DPWY$`a_K\'G*c,Rx5?k%f;4AuWhHx3LnJ,f_-=3h5*Sf\\)%lRWz!L4QB@zqy~cX|'),
	(1946023246, 'fsfbu:KOi|W 0C!I8^5eRl>\\QB~+@8O}>,+q6rjo$<`K\'J,i%V3gB%M;Pg8Fj?}[?|cO9/y`]Uw342YqGHXP%Xi/L|[z4^52e\\ZO6ku<x|9JD-{fM;YDGe_{_mv4h6}s@Q[8}:):ZEvEQ5c62A-:k`&Zfc-_[H|[i-7`u~JJd=27Xf9yC|mY.RAAZdRi(}r-O/b0{8:uWrb9_F$1[]x;};>\\T', 'P$N&:xlGtag8D~up4av=E)F}PjGm:4.Vb}92k5kmI`F$!A``blQyYU h8$+tx*@gx*y>w$HM^)\\Yss7G@sl/y4PtYSA0KWCf7}(g/0KZUKej-d:gR4.8XMsF_:z4O1mkr/E3y-NYueW?E='),
	(1946663863, 'PFxyb/g,<eAftjHFZo T:GVj*7nl {{^^%+zlx9\'h8`pS!x|`}r<:N&a}Yl"wDHifO^uGPF37ftLO81i>Y`t\'7ns0n? #gT', 'jblxg|z9z|6l(\'Egi]Vv{-EwlG;*Og&ib\'(VcYb)Iafsjg=K-P|;uj<IGo@PZf47;S<]mtJ[_U5Q47/!F&S7N#,,uNv5nmge7GN=4Q"o 64H-7e-LZ4DzxKjTe2)dfyL-N}$eD:m0<&(K,;)*w4W/bs:%u/k  X:L C_k'),
	(1949942857, '[', 'BT^gfPz7r|]&jM".2$4yhNPk krYdB!p=L\'5E*sVC08k2_xd16sPgL<eQKQ@xoC6S-*}P1c{}y/)C}+loR&o9[d<d&Mg,")J_Ohx \'RdV\\'),
	(1964723185, 'Yg)=V:eD_\\cM\'n*$rq0vRr,e(BKni`e\\5R&]X$vX5c]\'m6:8x%-uY5@,2_R_j70@v"/0/^o>3mSf"+35]{k>V*J0S\'^ET_~B4(}ckU4tOBuo}cHN+zIKAua#<<hXNo%o:-!T:UAj#rZae&Y<{}5\'\'<}&\\+1ojO@[c2ZF]i4fhu{X&&UY<X6D3@roiI^[@1}:^l%N6]H_\\+[k', 'I7&kuH$HEP)v/<Ht::$i-NHZz6a[:^LTdi$ZY\\2b,ep:A[_s [t6xz>ZkQ*d0Qh,;BWG{[C8W~7,)PcSCXMdNEcCYmMxc$j/@FLGp [W(E_eW9ss9r0Ib[Y8,;P8rNW;vF.=_<HK?`b@&VK_D'),
	(1966861668, ']2\\Cs9:)/%}\'H<-#o>%)EzR`A/l]$$po2`w|SYa\\g8Uy\\Ox~2}C-4.2p-%kSa7Xk4Fge', 'XfF<1Uc*w/|cP:8quy!-)0nH'),
	(1977976706, 'qtiP\'H#b?qb;Vb~-*A*^e|;hqcs4_@Rw.PI*916H$m2D\'MOck yLNaF\'y:lZ25>ycS:Q$Kw0f!st*7+R%?d/-1d+N2o7=0ws3XA@6ja6h]LiD#mdBv6|blvaD?0', '^f-+@c\\wPplI%h+9zNcE3b3t|%B++IKu30|$z<*EBM:\'-=Mr2u1c2&<_[W16e0lG7@[&u/]\\)\\l#*,YBp4jm!h.n-0.Er%h/FePX0P*<rHh][{$hw~9uEx@]m'),
	(1980165296, ')OpuLo7u|GNUnj1IQ$#?a{P)wb?3M$f: jv-hFu,|N0U2LQa|IjS.9zQHGDP:r(~17aLk%6 PYrrYx', 'Hr|,{<]!wQ]nin1SSzj`\\-0~_%RH2Rq6`64e,o {+0WJ;JxeEV)/P+]P*VB$v[{Ct&N$h0d`mk^B}]\'AH7\\;-fr`6GF9 iy>p<sBbFcXZ7Y H'),
	(1982885914, '5{yMV:|5!xE\'ytS,ku!|$eL9XF(d{.)M`a', '=ilv7DWgPgU o1sMK'),
	(1984908205, 'H%OzC<f067AdC+-Nav|O{G>1qr[TomV,0gxDqzGp(G}NUh6nqa%n\\-Se=Is/SvgAfvI02\'VEqGEE[Hs)gA! jG7X~KbAFEx3eJ#At\'TIszLd7L3nAfKv0w4YG;<{+[H3', '[G.JG(P<R4'),
	(1985438356, '"qMeZo8!a{3-Ge&&&X O3:Dk2@,,|KZqj"z?6o)^w.?(H:j(UI6:#h<ftEcKW:@jE /9Ig=<nEv;B#@=~a*W|{U2;hzbxNho&53<"s;8r?}<zx9hH# ^#=3jH\'x[bvn-4.5Xd:5{3)1V@/H,+2C+2 +;\'O<', '"YkIM8Lf4l2#aBaM.3!eTte{A" \\aa; Oy:*^!7_/"$2s=:5KhSREsaXE(FsHodJ0Q43jz{f/?N@#[;{iqq+Qwxm-b`3/^|QS3qD)V(`gp$L-R`c(d,f"j5kB+"{KB!IV/kz!G/ZJL(gqfxCouq:09E)lDK[W`F>^kys1"m&cqjNTP-gt0t8L1Cb-:nmQr8/^hReI}hxxI/*<W{SWYAoXA-y Cm<ya:o'),
	(1988580931, 'X@/UJ~nk=U_p0=Xiv]A.XX!1+`Y-`Q+\'<B^aXOAf$0N]xOmnFGz&GgY"[}iY2.1oN$h?c\\jk5J~j)4yyx .B3t$]XRh&&I{b^hbO,qbf1~Y', 'jl1$T]G>bb&OaS~OWbV!y\'c7RTK5G*5J{*"G}g9;\'i,rfxFLxhAN+j'),
	(1989735040, 'P&R\'O,r\'Aa8nj7vGKdOOhYN$bL~ \'AA } N\\%wj!9d7X|=uPUopz)GG/V&<9]J^z;8N`EDsv?2', '^4Qx;(AU6G$4Calcppawrp0.bnJ`hCWEfzDDs^fy0[IJrr&vRH?=m}sx=BU:J^\\G0kG_op8)b?$6c@KufE]";!7)<daBevCqzW,<(1v|vqn?sns!SwxD01wiU?;1:>$|d@&sz.N?"5;~5MNx[DKgec=t/<CV]P5Ae>l%.1QkH/F,Oub\\?DVXZgY29LJ{9WaswyvXi^@hY)c0?.5K^bXIsGf<5BQ>M'),
	(1997019330, '`na}WWx(S~&vstK&f^\\m{J/v.~h4|*nNX*0<VPi\'juym6tzvXA;!"Pu"\\P0[OWOw/va{%jRM:`=|T@\'pL\'wO3^aDFe`MpSHd+@[:Nw\\nMz6%.5Z1sq^3(5% I}mn8R7M<s??(V5-F97#_/W<K/Vp)a5I=OX!;hmlXH){|Q+|_$=+)H0Rsl_tN]-d0EJ]o&/=~70i#crEKWokevh9v~wW=rJIf^:X+v', '^S g,!4c{S\'cn30}uGB9yN6L_?2H}aGLLDh~2M6Xk8\\84ND\\p<uVdgj9"mkd5H?QHez~qo-.MR587sEdQW~aK^bWY^+E|Q&X4rHmj;Gf.rdyM|]KC@IDLX:r%uh00P^gR1FLGvbGJ?u!de99r'),
	(1999536167, '+Kh?rGE=;"<{NEtZ', 'PcA$me!mNa}S}CKxLJnl%>?R{q:05.9%:aGafMAA3}Voe*OyPD-vm.=r2RmrS7\'.X`"kbp7f>*kw=V(%{sl2UXd-\\HrFL)L9'),
	(2001512973, 'pzuG3p/f{^G0ZWDIqKZQ[B+n;qC$x', 'F_?y{h}_(W;+D}fErbe%B,G~^"Q o'),
	(2004683213, '2xS3=N]m1U~nG', 'RX_L\'}"wV`.GQ\'A=1F&na\'36.D5{Gy7,"]7FOw9()T2q]TQZ|O/;.[.\\]M{>wnZm1Cs}:566|4Lj.^n>O&J%xl:,aq[\\r-?xs|uq c?*5^=qba&Bn9.1agc6983fh;cxp(y~vCvO8opU+\\W7tdj&eoWSfAK;6BXtgmtapHF=s^|5D23\'TQ*E|Z&fphvg(.?G,dtV>93N;{@|Xf<QR2/5 n?Vf&oI7.kfFlAXOPh(\'VCk}FgnJd7w'),
	(2004828664, '>1Y@Loi$9\'*U7;6}(jO|psD1b;{e[!~eW.=V65dJDfUND?V/JZl,QS^X)}Aa7c;ga08:XVCxW5,', '&-+9mM1\\S'),
	(2010962737, '[K.XhPpfs{\'[V$!mwwS)gi\'\\w7uS0RPSwJ', '32[9h=XpZ?2w(3h9u! ?J%T,~EJx04/[U2zU,UUAn`Zpa8.6.[7-MQ[|LH\\$vI/,J,0P[t cZehH\\S4?-?)qAmt}SO4lE$Y<+[;Q6V,E9BvG\\ Z?W+NLuMs(g\\+;x 1\':V^_-s99%50e++Zt_;^Y/#.YVZ+eTl4?(+x]d*i[1fMG3t$U!'),
	(2017018451, 'zWvRtDn<LpawN>cCV+', 'z\\|`:7V1%Kk~;1MO&A-77;grG#OI1g@q[.P2:eJ}4Fn~$MPmj?hN{0 {PZks63*?rsn@%\'-;k-<R(tky~m\',395Pf66P`"w`lfOAU'),
	(2018011648, '7\\`)yx&1j^ui>_qUlwH?}i{_M+q{&{s+_;j,];$Y\'C7~vN9o+fYN@:B)_rYnOk9DWyn`h#<~$^FsqDori$)^)6:<w=_PYZ;?xgPS2wH^\'nbH,_ +z,8|fE=gYYi,fM+C[^@^N2Vi', 'Fj>w'),
	(2022785506, '}:<S \\U6&aGM^oZuf]fGpZ\\5a*@,x_D]=iXqE[y(D\\ym|_\\>*+D ([_MJbqoSc]Tf.G%[iz}cC/QK*h@ab$1\\r+ 5rM+= W~~KhOBiqg|z7m.o.\'}BK{@rE+PCqW1h0At(V>)J_bb>o3J,/aXK;\'o6U^Aq\',Nq\\#<qgF,h&a|?~L&x@?2e1&ZjJ|DpcuokDK2{/E\\lK\'Lb8[$nJ0T@d3}HRxmjh<1d %Z~YdUox', 'I%Z}f!KGMmHS\'5 vI|a#mH@:`wpUd6=#bwO)rBQ9t&jvrEllY\\F"@?EWX*XrfS\'w`almHC"yjG8s-:O$:q;PbPDK\\>RC(FJj@]r3k1Q_4V4lRAIT|\\.z.`gF.d:S#\\@V7~O^]Vle?Z#lM8Yikp8(<0)wVnEZc2CfTkxj}zpCA$~g9he_G9Az&~:RHV'),
	(2026548043, 'Py;i)BeyT-uaDE&}@:a!Fl/', '=BxnivDs Lv'),
	(2031525499, ')w$NUE|?"k&u1HU!Lh7D\\?W+Sc;hJc~&-4..rD^ed%VW+V(KOO[}1lGL>MHK-j2R#Onm,vRxJE2Tji$jox7|=<&^ .|', '\'qhO|WVul$Gp+7RT:GeI}L]l]s5!VP9=:%[T:!GE4@Cc:9.F(o6_X8pPd#q2^U]\\3IO,H"tqWjh)+<^!)?ETL+Eazi0/PNMJ^!rL#S$K#m/sNDaCX.l RY@S]N_5$b.Pti{\\p3LvU?K<qisQ5Nqjqz:m!%("lk$`M\\jTiB5P&bjt@xrY&O`H^(<s,nJR|WVtJN*yn%x.@c'),
	(2037884821, 'H$`~8J)=2Fmwd,%z5=}Xkyy!]PQu8YpR^4B%AF+Kvw;6#"9{y]s$(V>S`BvfN!ov}oG@`qNe;g4K#2)0;(*!;"B3_wQj%t$pwIl\\Lqm$6<$djiUSH?LE,sBHuSC 9\\', 'SiB^EK!Wix=sA?|\'~:tvgr<R yr-XKg;+Xj6mwS2bmpIvh&HET)PB;"x8Zt+{ymIa4dxi]3w*W?*,0GlSb+M4_DTv!w9`)L|95 <qwDxd4MuzaLj4z|2~m970LY-U:Kws}:!@T :by@KSHf@-:L.($/j`[u~YtVcJZ%u4sWx_9=(7Roo}K8~X3*kSA+`!=d,t~\\x2e4cc{)e[0H!E nO<\\fm=ltc3}pD%k02^NVB'),
	(2040390067, '1|I[fq>.?bGXF;o@,=:)R/kxra quH0t#GuFb]z?-YfToUOD~Sv0k7">Z)V8#?",`}!@~ow4Tsx3YvZ[n4usKF2EN|g}F0a<Z)2Gn9tz]uA5Jt3+1(G|]4WIFmE8FyUB~Cs]jf9Paiqp|LU6=+^:u39YInuqC)@YYZP/p#6`$<qwc)9^#Mod-s$qjv..PV{ZroU0Cqg*8~7n%^-GtR/9``P}l`U\'vc\\Br:Py,rR8}&JV<O;r}qs 5}', 'Z|I\''),
	(2065290192, '6rgy7`_P?6 }j`JfXCPbh( k^]?uGGj>Jg#J\\CD6_"ZT]\'ET&x^]J6GiUPmr~HPy.~Z%DJq+ZDW>\\coR$/_2Id>79"}@\\Y=', 'taojVaylEk-k01djnl$2xo)VK#{D]lG\'/apo~H&r`}n,w+$gYA*]lGf :`6fPx-$GZ^Q-L9gYzS,e0w>W$ c_kkb@>'),
	(2065914997, ':\'dF*EI4p?B|epAM;Dm,loHDS0]/Fu0;b_{AAFHib sq\\OH,zugAqRVh/Cl\\g\\T<%mJrld3Y=B(bvcrVMTM;%.9_|@f|+-%G-CmudLjWB\\VA+0U2;@J~/B5I#4[q@G$;P!m,rA$ kFWpo`nCW+59JF"q_O717R:PO7@{Q^i\\mU|H`(@G>TTVb),', 'K \'#a\\sZ2FJKM6\\ds@:T6@0Y4,9*4ow(9q0fTzB)J]=F%R'),
	(2069125884, '0?MO?ak:8]HEw5g%YiM4#X\'"a+?\\L_-WuY=mz^}\'', 'Vr -=BK&eK`P+sJ 5a;z^ZAqbcW={{?`K)G\\yk?y`m3:t{Qkadtp%+;*?1Pr7lpC@08EQuBGnU39y?\\pkiPBD/DHeg2RGx(0:4TC3B@Ay9~pT=l,q9Ybx(h9]$.^\\(-G?IaOwb3>9*fr:Ubq3a"}i\'_oA9g%B@e\\W+N[B8#ZVmT[z&ZG/["=d-P [3;~:(7V,[+V~2%3/dDo^.PE)d5dB*nBh3w3D&b2\'E0)"Q[koc)dfJzXDb^'),
	(2070079162, 'wg@#>CC\'3~s7aXvsK|M[`f>)"U~-".gNA]_Wb\\3dS^0hl(^>3iLhsb,jT_O7AcNTwhYkRg%:M-pH`c%{Cw+~R3w9&5!o,X9r)mX>wRrl%(vY.,<#|lA?]^Jsv?iIsjp^xFU&9Hi@GO?Nv-79YgS&U%dtNI|AyEb`$"q4>R*zgj~}MbLwGxTgx\'w]=Ee\\O`"2]\'<1.WHeBgjk1r8i.J]5e#INyJ.+U&`~Pn-b/zJgWWPD3rX+-8VT;', 'ri#5:Ez&9B J+d\']-.tpx{S\'.g96S*6+!q>h)m@D&+$~ENz@^%iRkR!}@~",1OS\'s,ZLVO4o%W0HWP0<?Xp~ho976aJWZZQV_ k-X@tC{ZKWkSKNfxj{KFl\\\\00-CXi+jtn}"~P+.UX1RZoL\\8>ZLRw\'$?H5Nr:sp5gX_s%=e=mrj#`L|g=J@8g]^R}/F+<Y_Kax;1??P5y,~Cb?xZ^GTF:RDa'),
	(2079956518, '?mT>^\\g\\.c9J[dsQ/8=dijGJ5L"iwH6GBL}?IO)]a/80/<Oj`H?4M8>:]t}Rj=;ac9vU>a>/r2-=/ASvUf?\\d :jLFjSBXerW]C`KJQ5^)6chy$U|66u}d]+@X>alOWNRa]A,HkXs<Qd^}Q\\?R-ykOf3e52?s/?AG)1;]]0p0Bc7-;y?JxDcjlldy0bBuWwQJ7^0IS];~~', '_(Wb(HBK1]Q\',*Lp2j_e?,,xf|w.~]")vxJ`[aE)>/uc]1:Af 4'),
	(2085399257, 'W&KkCdNZd)S5m~J3\'P 1m\'tWg0n2XhpPAJz{;H[TS2 FmDW>g$eGlYW=pzrLZ^tdx)\\"?%d~3,ji}q<5m\\2]^UP>s \'`hF\' MY`aDqBaj/UbVT]#/ZN<pC&JI-qaa%#>-V\\X\'u8%s-x!(v=$cG,i_9k8[dNk', '~!m(fJAm&89XME @gYiCS~C.<A~%e-gevvqNtLRi(B/U1<EA0Qx*WBE)AVXsauiIq9!UtF[tPc<'),
	(2097639218, ' Q !40<x$<Tq\\;v)8.bK7QA87zy%RZRsCS?_sy+0k6]U }pEte5oj@S/}_i C;#r@jng\\vo-NO.Wsp_Hx5ugtPdM!,R!@xs):Na_G.Vo}[eLo-We#A.f1EZ24&pOIt]v]@(X|n-g_%J lj%u{3D,&N^p#+h.|,-Y}B-Nv;(wS-q;~?ePQ;x}mK}JQnmwZ<AUu v$]~]s0(y]}{I0[N\'.P(FT', 'Wz$?\\M+()GgHVf`d"-`^Q6O7&\'6%>M4JdY}H&v_=rZo?h!tuzC87NB.Jb,Y15J#pH^'),
	(2099018830, '_p?%!op&Bx8I#NH<$0L(YjvyFqbDc@:?R]\'=M!-N")xs:x2mMsVY|5Vp.Gd ^5(#$1q6O9+^:QCc,\'Ifi No.\\k$2J!i&bA,>Av=KqtOZ#`eU\'og06Uk$z.pyASj1EzI;-.V=u~2r,+jYM~:jGk!.!`o+2I+?:dRad5SXJL3/w3cC5NTROyRRTrom_$twgKg*CK9EEi8~1[C%]nR-YIto/`zE)w3HVw3|Rt=HVo>/=<^wKMz4~F/<AOUXLl3', 'wkhOi8gx_"^lB<K>ht?-$aydR0<JE_%MAe&jl!0h91kD!{__\'Hy-<p?N|!$A-^vDlAQaM<cArVNaXj6M:Gm<I,yTqk~~W-zuZ2;|l{'),
	(2100525189, '>F\'?lHD|YNa?R:VK8=q^!ex|Vaqq/D\\+/yuf`n$\'GHTP?!gS\';jw9~$HsZT+Nw\'H1rs?4BMBjW\\EQ!_>_Le&pXV]ze}-b,"ffkPGAU_\\16]GY\\KG', '.N~`\'`J.dzc&0UHz0H~QRN1C|{1)=^FoJ">4YI\'*Xslp82ha:ElbydeAdSTQS4n`<HCHro6c`mY>aj"Y4=8A$!JEd$SGxI,lMw/l1c\'+]LOlpYF*x7MLbx|$UdD@,#jhWr'),
	(2104644703, 'I=y,1{otl$6YekI-88pz=J8h+#90DdR;V5]YRPld<kUc+<F,e}l(ZP&_n>6rCWVhK?gC!|Mg;3;(Hrsk>3r!5j7!pp`6rwC*/{Bt9B<)]U/A +ASTN:p(s6y9r7;<b3T2HBI$F6I.X', 'HpsCvCB%S<+!/$)nAf)@DG~F*:Oh"KL[SV1ML)=}p(Q&|$'),
	(2114342972, '~@*N[5[q(Z"hx.7;mhBR%G]g]ao/f %X0osvV{:6#X^{S,\'ATdD/CtyS=y 4cz.YEL,N%8+@Yd<CZt(}?}X2n&(+?6Pcm8;4>y0.\\5Va?!ql7:MSufp5HKJV(mQxEwA-=Jtd;8FLxO<QNx;UecUl^m`^0}=Vcc#3I', 'hxN|bM@2`,@8Cb~)g>K/kgA 4b~-oELznB,<r1a/+^iFFhV` \'2k*rZ3^hJP,osydRWF^^?KoP`<u_"`N:c8<_/v+[2t\'iqy[m]d-^k0)My\\3Q]tx <D?MDJ1R>(bZ:c@OY{dRnF;hBtOQGW^5c8R4r1P*sdludV4g/(*>C9nxc9g$!XVl+6S'),
	(2121031636, ' LhUeuHA%lX M"6u3:+!0}_-pjWP=s;qg}}:D^r2:2p3i@]xCODx@?p4Ah~2zmYsYq}ag.(?|m^J8H!"".gq:zJK-3)4[yvhDO_ja/nl08xQeb6xnwH8(hq6qclS,UN>', '?%|%5[j\\]*)MnN%]Lb{pH="'),
	(2121265080, '.1:HYQ%R>DhJ>(QpQ^v[>i+(Tw}% g5b8&}vm\'G_]dgbP4M;u,8-<cbU-*ANiuD#& dRcdmD;l2)VQJD]5B*zzDS2vN6e}9;"_i)\'uF^!lv"<D6[4MwEJb\'|0,@Oiu6^& g!z&CpRaQ 4d9IMezO/2j.TCd\\P$58S6XBTc~dP/MbP{Q)j(nT^]Ukb|7,8Dj%:nUq<>[IVb\'x*"Tkxt3Ad>T}}%BY!>}zTR8omGaP<VI[[CPY/i)<>', '}4aO@oQpQc(AY<yQdt4iMtD|)O3\\qL\\J.A\'y=d1H]}&Vpsc0:tk(~zE=[?1[-T&MI_Bl1>,%3?,eVpAy%5L&W0DD|of1yu1v<na8en16Y2@[`*=Ej~\\"^&jdV_v|VOk'),
	(2125994815, 'HE9VJx1p}ctrMA$F$qhr}62mw#6xPyx5~F?$$j$,]eko"dT7ih.nn}RfjKm)mI%f3#;3$j.0vmDEEQlwjsW1Co\'7&TB4H29[0b]Iph\'i.k<W2c|$[pc @7J2C.Ef"PL?Gj_}}:x=`|HlbI4@8:x2X@d|1QbMxvW@kYFv-V?g]+yfk\'dZ eGM,}TZrF=R+(U6Z', '^(*YF\\-J:H!1adXd*E&d&``~U@3|AaSY}7r"l&)Z+5SR?Y-ca@bmw>kw"cG`xI[3exP1`hEfIn3(t=0*]PI4::5;Sd_S<:@G}P8.e|fEL8J#WxV=2znXprx]5'),
	(2133052863, 'd.O;Zl5Rq7=*#*9NN $\\6m3SuSe\\mW~!CQel7\'2A)`jep_j!_<\'49~yb)F=pVD!oJm{"u~GI {M(\\se6}XXx3gf1s4erB][,5FEi,@.",tc\\2^z61Lz;zKt8!e2V\'YJhFZ|f`X1z}c$4{\'<.FL4\\S30j10/34e&`&bHFEynYu*Bz$L]4.)8*0jv3y5D>y^-s_t7*<9uz.6i>-<reAlbd.`xRg~ql$6;', '(B`~P0eUrb^,]<t)>}w:z\'VBx&pr{R1\\T6h#?z1U)T`NSBZif~(I1sbqeMu$jlOZeZ:&1XZ^i<eqMZ|<b.+^Vbaj8cj33Qxg\\QicZmv-au "hBx<aba6"mHJR'),
	(2136352848, 'G:IcQ~ZVc]fE(>hV0m]4AqC"&A1{? C- =c?4%1hDSi>(?H7b0;"', 'F&r[&!/fCkmyIE\'w6dc8G[8o6FiTi*S`B1GP^3k>wpRaF8/^!S:NF{wd?(Fz#&nZgV4Ca@*<11!`jt'),
	(2138009764, 'LxG$6nmU;9=*{&a~b4Gi8KrXs|:v5X-nu', '33dH7w>3C5PEE{S-I#>['),
	(2138200951, '=PU]9Dgd^%lZ"%*![Kbve<}(Ntu+sAG8B,c\'IDqz*GY[rTREy1ti`qh[MYB(VuSqN{\'O1>~)$h/8:.|-Bf^C[yei-_N8Dc\\IOsJf"_{(Ij7BspaDu _z1EI7CLc[fqJ_&5s|+-Wu[+JZG<In', ';s)U7LmNE6$5,7kkja^:YcYBB&QlvPff@Ma\\hIB/g!0U n\\-lM[z02Ci%3F\'gc OEy|yBxmMlhQY_OWM|(!3-uHEadJHZ?#8+ NZdX2uj}FB!&Z%'),
	(2141430994, '?/hr+1ADtPR[tg[cl*:9bEr=u^@"V1', '2!:q|$-a.rdZBIKyd0)hrE8@C)/5"fv~U(/!Y^z:"s:B,4N+#xZUL*9%d-diGo3,Np`NE&QRP1ow4KO32a}/pYa$q='),
	(2146277037, 'a?trRB^`{P\'BA@{1Xz{/`TkH)^WM}Om1Q>$5)]Y@,qZda^>1/%G1j-v[[bd)DQz*2rf9*DyM,_%mt!;N:3Syh=f;,srIg}LYy [-b)]mygu%:s[fUASH"saBd`qOGG>;9,~2 E&!?hlQb=}#tk;p{dUh=I\\|3vA7x{j~2x|', 'l1R!NxuxH0<[}lU?R9?8O,: {RV<JMOP^@""R|jJWHbAR0:sm0/K/?fS`3V&yq0vyA?g22|""p<q%z`/@xSAW@6<\\`^Lt}wHM1`*D~_Xd$Q.!?,v%2|M_U11^~=rQp$Mp\\EcP;{Qs{HLuXEkaG,"p|qQpM`p%O9NF@}pO[p[|qe33([Gdrnw%.K*');

-- Dumping data for table fridge_hoarder.users_ingredients: ~3 rows (approximately)
INSERT INTO `users_ingredients` (`uid`, `ingredient_id`) VALUES
	(1, 0),
	(1, 2),
	(1, 8);

/*!40103 SET TIME_ZONE=IFNULL(@OLD_TIME_ZONE, 'system') */;
/*!40101 SET SQL_MODE=IFNULL(@OLD_SQL_MODE, '') */;
/*!40014 SET FOREIGN_KEY_CHECKS=IFNULL(@OLD_FOREIGN_KEY_CHECKS, 1) */;
/*!40101 SET CHARACTER_SET_CLIENT=@OLD_CHARACTER_SET_CLIENT */;
/*!40111 SET SQL_NOTES=IFNULL(@OLD_SQL_NOTES, 1) */;
